,,SKT0,SKT0,SKT0,SKT0,SKT0,SKT0,SKT0,SKT0,SKT0,SKT0,SKT0,SKT0,SKT0,SKT0,System,System,System
Date,Time,Ch0Read,Ch0Write,Ch1Read,Ch1Write,Ch2Read,Ch2Write,Ch3Read,Ch3Write,Ch4Read,Ch4Write,Mem Read (MB/s),Mem Write (MB/s),P. Write (T/s),Memory (MB/s),Read,Write,Memory
2023-11-28,13:50:12.645,  451.07,  277.99,  450.79,  279.07,  456.77,  284.67,  451.80,  277.93,,, 1810.43, 1119.66,    125473, 2930.09,   1810.43,   1119.66,   2930.09
2023-11-28,13:50:13.644,  453.20,  279.39,  451.65,  279.43,  458.47,  285.74,  453.24,  278.59,,, 1816.56, 1123.15,    125344, 2939.71,   1816.56,   1123.15,   2939.71
2023-11-28,13:50:14.644,  459.02,  281.95,  457.94,  282.77,  464.39,  288.72,  459.43,  281.77,,, 1840.78, 1135.21,    125337, 2975.99,   1840.78,   1135.21,   2975.99
2023-11-28,13:50:15.645,  456.57,  279.74,  455.45,  280.44,  461.73,  286.35,  457.18,  279.58,,, 1830.92, 1126.12,    125452, 2957.04,   1830.92,   1126.12,   2957.04
2023-11-28,13:50:16.644,  451.02,  277.80,  450.03,  278.68,  456.21,  284.50,  451.91,  277.96,,, 1809.17, 1118.95,    125300, 2928.12,   1809.17,   1118.95,   2928.12
2023-11-28,13:50:17.644,  449.06,  276.84,  447.92,  277.69,  454.13,  283.28,  449.69,  276.78,,, 1800.80, 1114.59,    125305, 2915.39,   1800.80,   1114.59,   2915.39
2023-11-28,13:50:18.645,  456.34,  280.75,  454.69,  281.16,  461.38,  287.39,  456.69,  280.32,,, 1829.10, 1129.62,    125478, 2958.72,   1829.10,   1129.62,   2958.72
2023-11-28,13:50:19.645,  451.35,  278.14,  449.12,  278.25,  455.98,  284.54,  451.76,  277.96,,, 1808.21, 1118.90,    125325, 2927.11,   1808.21,   1118.90,   2927.11
2023-11-28,13:50:20.644,  456.36,  280.64,  454.30,  280.96,  461.19,  287.04,  456.87,  280.47,,, 1828.73, 1129.11,    125391, 2957.84,   1828.73,   1129.11,   2957.84
2023-11-28,13:50:21.645,  450.46,  277.23,  448.34,  277.65,  455.48,  283.78,  450.99,  277.12,,, 1805.27, 1115.78,    125433, 2921.04,   1805.27,   1115.78,   2921.04
2023-11-28,13:50:22.645,  452.88,  278.80,  450.76,  279.18,  457.96,  285.45,  453.37,  278.57,,, 1814.96, 1122.00,    125322, 2936.96,   1814.96,   1122.00,   2936.96
2023-11-28,13:50:23.644,  452.72,  278.66,  450.62,  279.19,  457.71,  285.32,  453.26,  278.50,,, 1814.32, 1121.67,    125375, 2935.98,   1814.32,   1121.67,   2935.98
2023-11-28,13:50:24.645,  443.74,  280.89,  442.64,  281.71,  449.59,  288.02,  444.39,  280.68,,, 1780.36, 1131.30,    125565, 2911.67,   1780.36,   1131.30,   2911.67
2023-11-28,13:50:25.645,  432.88,  286.89,  431.46,  286.79,  438.49,  293.44,  433.23,  286.34,,, 1736.06, 1153.47,    125603, 2889.53,   1736.06,   1153.47,   2889.53
2023-11-28,13:50:26.644,  432.06,  286.51,  431.31,  286.85,  437.34,  293.09,  432.29,  286.15,,, 1732.99, 1152.59,    125622, 2885.58,   1732.99,   1152.59,   2885.58
2023-11-28,13:50:27.645,  436.20,  289.06,  434.98,  289.28,  441.67,  295.70,  436.88,  288.84,,, 1749.74, 1162.87,    125711, 2912.61,   1749.74,   1162.87,   2912.61
2023-11-28,13:50:28.645,  434.26,  287.86,  433.27,  288.38,  439.71,  294.65,  435.12,  288.04,,, 1742.36, 1158.93,    125567, 2901.29,   1742.36,   1158.93,   2901.29
2023-11-28,13:50:29.644,  435.26,  288.64,  434.19,  288.97,  440.65,  295.47,  436.02,  288.66,,, 1746.12, 1161.74,    125575, 2907.86,   1746.12,   1161.74,   2907.86
2023-11-28,13:50:30.645,  434.21,  288.14,  433.27,  288.41,  439.81,  294.87,  435.32,  288.09,,, 1742.60, 1159.51,    125729, 2902.12,   1742.60,   1159.51,   2902.12
2023-11-28,13:50:31.645,  433.97,  288.04,  433.32,  288.53,  439.69,  294.95,  434.86,  287.95,,, 1741.84, 1159.47,    125569, 2901.31,   1741.84,   1159.47,   2901.31
2023-11-28,13:50:32.644,  433.64,  287.91,  432.99,  288.31,  439.01,  294.55,  434.32,  287.79,,, 1739.96, 1158.56,    125634, 2898.52,   1739.96,   1158.56,   2898.52
2023-11-28,13:50:33.645,  436.12,  289.31,  435.39,  289.77,  441.91,  296.18,  436.88,  289.16,,, 1750.31, 1164.42,    125686, 2914.73,   1750.31,   1164.42,   2914.73
2023-11-28,13:50:34.645,  434.15,  287.70,  433.98,  288.64,  439.35,  294.48,  435.23,  287.78,,, 1742.71, 1158.60,    125617, 2901.31,   1742.71,   1158.60,   2901.31
2023-11-28,13:50:35.644,  435.43,  288.49,  434.82,  289.23,  440.67,  295.40,  435.95,  288.24,,, 1746.87, 1161.36,    125611, 2908.23,   1746.87,   1161.36,   2908.23
2023-11-28,13:50:36.645,  435.09,  288.36,  434.62,  289.20,  440.86,  295.42,  435.84,  288.26,,, 1746.41, 1161.24,    125719, 2907.66,   1746.41,   1161.24,   2907.66
2023-11-28,13:50:37.645,  434.58,  288.22,  434.99,  289.55,  440.26,  295.05,  436.02,  288.45,,, 1745.86, 1161.27,    125599, 2907.13,   1745.86,   1161.27,   2907.13
2023-11-28,13:50:38.644,  433.89,  287.88,  434.09,  288.98,  439.53,  294.82,  435.01,  287.87,,, 1742.50, 1159.56,    125600, 2902.06,   1742.50,   1159.56,   2902.06
2023-11-28,13:50:39.645,  434.49,  288.14,  434.71,  289.25,  440.02,  295.29,  435.46,  287.84,,, 1744.68, 1160.52,    125723, 2905.20,   1744.68,   1160.52,   2905.20
2023-11-28,13:50:40.645,  434.56,  288.41,  434.37,  289.07,  440.22,  295.52,  435.80,  288.14,,, 1744.94, 1161.14,    125582, 2906.08,   1744.94,   1161.14,   2906.08
2023-11-28,13:50:41.644,  433.40,  287.43,  433.12,  288.19,  438.77,  294.16,  434.69,  287.52,,, 1739.99, 1157.31,    125617, 2897.29,   1739.99,   1157.31,   2897.29
2023-11-28,13:50:42.645,  435.03,  288.53,  434.43,  289.23,  440.48,  295.23,  436.41,  288.65,,, 1746.35, 1161.64,    125734, 2907.99,   1746.35,   1161.64,   2907.99
2023-11-28,13:50:43.645,  431.64,  286.33,  431.40,  287.32,  437.31,  293.42,  432.95,  286.48,,, 1733.30, 1153.54,    125558, 2886.84,   1733.30,   1153.54,   2886.84
2023-11-28,13:50:44.644,  436.28,  289.46,  435.87,  290.31,  441.70,  296.59,  437.41,  289.60,,, 1751.26, 1165.95,    125558, 2917.22,   1751.26,   1165.95,   2917.22
2023-11-28,13:50:45.645,  431.75,  286.21,  430.88,  286.65,  437.18,  293.29,  432.99,  286.21,,, 1732.80, 1152.36,    125689, 2885.16,   1732.80,   1152.36,   2885.16
2023-11-28,13:50:46.645,  434.82,  288.70,  433.51,  288.81,  439.93,  295.33,  436.30,  288.46,,, 1744.55, 1161.30,    125621, 2905.85,   1744.55,   1161.30,   2905.85
2023-11-28,13:50:47.644,  433.37,  287.45,  432.58,  288.24,  438.78,  294.59,  434.91,  287.58,,, 1739.64, 1157.85,    125547, 2897.49,   1739.64,   1157.85,   2897.49
2023-11-28,13:50:48.645,  433.13,  287.46,  432.75,  288.29,  438.46,  294.38,  434.87,  287.63,,, 1739.21, 1157.76,    125754, 2896.98,   1739.21,   1157.76,   2896.98
2023-11-28,13:50:49.645,  435.10,  288.62,  434.67,  289.58,  440.24,  295.35,  436.66,  288.78,,, 1746.67, 1162.33,    125616, 2909.00,   1746.67,   1162.33,   2909.00
2023-11-28,13:50:50.645,  433.72,  287.79,  432.87,  288.18,  438.68,  294.30,  435.30,  287.81,,, 1740.57, 1158.08,    125625, 2898.65,   1740.57,   1158.08,   2898.65
2023-11-28,13:50:51.645,  436.65,  289.52,  436.17,  290.30,  441.25,  295.83,  438.28,  289.77,,, 1752.35, 1165.42,    125645, 2917.78,   1752.35,   1165.42,   2917.78
2023-11-28,13:50:52.644,  432.70,  287.23,  431.96,  287.92,  437.21,  293.62,  433.75,  286.99,,, 1735.62, 1155.77,    125646, 2891.39,   1735.62,   1155.77,   2891.39
2023-11-28,13:50:53.644,  436.16,  289.13,  435.26,  289.54,  441.02,  295.77,  437.40,  289.06,,, 1749.85, 1163.50,    125634, 2913.35,   1749.85,   1163.50,   2913.35
2023-11-28,13:50:54.644,  432.57,  287.29,  431.62,  287.83,  437.35,  293.89,  433.85,  287.18,,, 1735.40, 1156.18,    125620, 2891.58,   1735.40,   1156.18,   2891.58
2023-11-28,13:50:55.644,  434.14,  287.72,  433.42,  288.43,  438.74,  294.15,  435.65,  287.75,,, 1741.95, 1158.05,    125632, 2900.00,   1741.95,   1158.05,   2900.00
2023-11-28,13:50:56.645,  434.00,  287.78,  433.49,  288.68,  438.97,  294.58,  435.78,  288.08,,, 1742.24, 1159.13,    125607, 2901.37,   1742.24,   1159.13,   2901.37
2023-11-28,13:50:57.646,  435.25,  288.83,  434.34,  289.52,  440.22,  295.59,  436.71,  289.00,,, 1746.51, 1162.94,    125744, 2909.45,   1746.51,   1162.94,   2909.45
2023-11-28,13:50:58.646,  433.45,  287.55,  432.43,  288.15,  438.33,  294.50,  434.77,  287.60,,, 1738.98, 1157.80,    125608, 2896.78,   1738.98,   1157.80,   2896.78
2023-11-28,13:50:59.645,  435.95,  288.69,  435.08,  289.35,  441.24,  295.62,  437.17,  288.53,,, 1749.44, 1162.19,    125608, 2911.63,   1749.44,   1162.19,   2911.63
2023-11-28,13:51:00.646,  434.79,  288.70,  433.30,  288.76,  439.31,  295.28,  435.68,  288.15,,, 1743.08, 1160.89,    125769, 2903.97,   1743.08,   1160.89,   2903.97
2023-11-28,13:51:01.646,  435.22,  288.54,  434.40,  289.38,  440.11,  295.50,  436.42,  288.55,,, 1746.15, 1161.98,    125572, 2908.13,   1746.15,   1161.98,   2908.13
2023-11-28,13:51:02.646,  434.80,  288.28,  433.90,  289.15,  439.63,  295.06,  435.80,  288.46,,, 1744.14, 1160.95,    125654, 2905.08,   1744.14,   1160.95,   2905.08
2023-11-28,13:51:03.646,  435.69,  288.81,  435.21,  289.91,  440.77,  295.60,  436.88,  289.02,,, 1748.56, 1163.34,    125674, 2911.90,   1748.56,   1163.34,   2911.90
2023-11-28,13:51:04.646,  434.14,  287.82,  433.11,  288.52,  439.16,  294.64,  435.38,  288.00,,, 1741.79, 1158.98,    125673, 2900.77,   1741.79,   1158.98,   2900.77
2023-11-28,13:51:05.645,  432.91,  287.07,  431.44,  287.42,  437.42,  293.63,  433.39,  287.07,,, 1735.16, 1155.19,    125555, 2890.35,   1735.16,   1155.19,   2890.35
2023-11-28,13:51:06.646,  435.29,  288.86,  433.80,  288.79,  439.98,  295.05,  435.83,  288.52,,, 1744.90, 1161.22,    125734, 2906.13,   1744.90,   1161.22,   2906.13
2023-11-28,13:51:07.646,  433.75,  288.00,  432.56,  288.19,  438.73,  294.51,  434.33,  287.56,,, 1739.37, 1158.25,    125586, 2897.62,   1739.37,   1158.25,   2897.62
2023-11-28,13:51:08.645,  435.05,  288.99,  434.31,  289.40,  440.28,  295.46,  436.33,  288.86,,, 1745.97, 1162.72,    125573, 2908.69,   1745.97,   1162.72,   2908.69
2023-11-28,13:51:09.646,  432.77,  287.31,  432.24,  288.19,  437.85,  293.86,  434.25,  287.72,,, 1737.11, 1157.08,    125648, 2894.19,   1737.11,   1157.08,   2894.19
2023-11-28,13:51:10.646,  435.98,  289.30,  435.27,  289.65,  440.56,  295.42,  437.59,  289.52,,, 1749.40, 1163.88,    125672, 2913.28,   1749.40,   1163.88,   2913.28
2023-11-28,13:51:11.646,  433.17,  287.40,  432.71,  288.14,  438.20,  293.96,  434.63,  287.48,,, 1738.72, 1156.97,    125644, 2895.69,   1738.72,   1156.97,   2895.69
2023-11-28,13:51:12.646,  436.45,  289.53,  435.77,  290.00,  441.62,  296.13,  437.65,  289.24,,, 1751.49, 1164.89,    125604, 2916.38,   1751.49,   1164.89,   2916.38
2023-11-28,13:51:13.647,  431.52,  286.36,  430.74,  286.96,  436.74,  293.04,  432.70,  286.29,,, 1731.71, 1152.65,    125720, 2884.36,   1731.71,   1152.65,   2884.36
2023-11-28,13:51:14.647,  435.30,  289.08,  434.82,  289.87,  440.34,  295.64,  436.82,  289.01,,, 1747.28, 1163.61,    125596, 2910.88,   1747.28,   1163.61,   2910.88
2023-11-28,13:51:15.647,  432.70,  287.26,  432.40,  288.22,  438.38,  294.19,  434.63,  287.51,,, 1738.10, 1157.18,    125601, 2895.28,   1738.10,   1157.18,   2895.28
2023-11-28,13:51:16.648,  435.77,  289.06,  435.14,  289.71,  440.79,  295.62,  437.59,  289.29,,, 1749.29, 1163.68,    125724, 2912.97,   1749.29,   1163.68,   2912.97
2023-11-28,13:51:17.648,  432.96,  287.27,  432.35,  287.84,  437.43,  293.56,  434.26,  287.31,,, 1737.00, 1155.98,    125569, 2892.98,   1737.00,   1155.98,   2892.98
2023-11-28,13:51:18.647,  435.86,  289.08,  435.21,  289.64,  440.25,  295.64,  437.04,  289.13,,, 1748.36, 1163.50,    125591, 2911.86,   1748.36,   1163.50,   2911.86
2023-11-28,13:51:19.648,  434.75,  288.37,  433.52,  288.59,  439.04,  294.90,  436.05,  288.29,,, 1743.36, 1160.15,    125741, 2903.51,   1743.36,   1160.15,   2903.51
2023-11-28,13:51:20.648,  434.72,  288.55,  433.59,  288.94,  439.51,  295.19,  436.43,  288.71,,, 1744.25, 1161.39,    125612, 2905.64,   1744.25,   1161.39,   2905.64
2023-11-28,13:51:21.647,  434.94,  288.56,  433.56,  289.00,  439.24,  295.11,  436.23,  288.59,,, 1743.96, 1161.27,    125596, 2905.23,   1743.96,   1161.27,   2905.23
2023-11-28,13:51:22.648,  435.98,  289.21,  434.30,  289.44,  440.41,  295.86,  437.33,  288.97,,, 1748.01, 1163.49,    125779, 2911.51,   1748.01,   1163.49,   2911.51
2023-11-28,13:51:23.648,  433.91,  288.02,  433.17,  288.78,  438.55,  294.80,  435.68,  287.85,,, 1741.32, 1159.46,    125622, 2900.78,   1741.32,   1159.46,   2900.78
2023-11-28,13:51:24.647,  433.70,  287.93,  432.65,  288.52,  438.25,  294.49,  435.69,  287.78,,, 1740.29, 1158.72,    125606, 2899.01,   1740.29,   1158.72,   2899.01
2023-11-28,13:51:25.648,  434.52,  288.60,  433.15,  288.80,  438.49,  294.74,  436.60,  288.69,,, 1742.77, 1160.83,    125728, 2903.59,   1742.77,   1160.83,   2903.59
2023-11-28,13:51:26.648,  432.99,  287.43,  431.63,  287.66,  437.30,  294.00,  435.07,  287.52,,, 1736.99, 1156.62,    125655, 2893.60,   1736.99,   1156.62,   2893.60
2023-11-28,13:51:27.648,  434.81,  288.50,  433.61,  289.13,  439.10,  295.10,  436.74,  288.65,,, 1744.27, 1161.38,    125579, 2905.64,   1744.27,   1161.38,   2905.64
2023-11-28,13:51:28.648,  433.87,  287.91,  432.99,  288.66,  438.61,  294.86,  435.63,  288.10,,, 1741.10, 1159.54,    125759, 2900.64,   1741.10,   1159.54,   2900.64
2023-11-28,13:51:29.648,  434.15,  288.06,  432.89,  288.74,  438.72,  294.91,  435.33,  287.88,,, 1741.09, 1159.59,    125599, 2900.68,   1741.09,   1159.59,   2900.68
2023-11-28,13:51:30.648,  433.86,  288.17,  432.86,  288.81,  438.44,  294.86,  435.35,  288.00,,, 1740.53, 1159.84,    125563, 2900.36,   1740.53,   1159.84,   2900.36
2023-11-28,13:51:31.648,  435.20,  289.03,  433.94,  289.56,  439.60,  295.39,  436.71,  288.91,,, 1745.44, 1162.89,    125739, 2908.33,   1745.44,   1162.89,   2908.33
2023-11-28,13:51:32.648,  432.90,  287.51,  431.70,  287.96,  437.08,  294.00,  434.83,  287.59,,, 1736.51, 1157.06,    125592, 2893.57,   1736.51,   1157.06,   2893.57
2023-11-28,13:51:33.648,  435.87,  289.08,  435.15,  289.43,  440.23,  295.67,  438.03,  288.98,,, 1749.28, 1163.16,    125580, 2912.44,   1749.28,   1163.16,   2912.44
2023-11-28,13:51:34.648,  431.99,  286.94,  431.61,  287.58,  436.98,  293.93,  434.50,  286.99,,, 1735.08, 1155.45,    125675, 2890.53,   1735.08,   1155.45,   2890.53
2023-11-28,13:51:35.648,  435.44,  289.12,  434.36,  289.57,  440.18,  295.80,  437.38,  288.94,,, 1747.35, 1163.43,    125494, 2910.78,   1747.35,   1163.43,   2910.78
2023-11-28,13:51:36.648,  430.81,  286.21,  429.67,  286.66,  435.72,  293.17,  432.66,  286.26,,, 1728.86, 1152.30,    125593, 2881.16,   1728.86,   1152.30,   2881.16
2023-11-28,13:51:37.648,  435.20,  288.87,  434.19,  289.16,  439.95,  295.40,  436.98,  288.90,,, 1746.32, 1162.32,    125698, 2908.64,   1746.32,   1162.32,   2908.64
2023-11-28,13:51:38.648,  432.94,  287.52,  431.95,  287.89,  437.30,  294.03,  434.42,  287.38,,, 1736.61, 1156.82,    125548, 2893.43,   1736.61,   1156.82,   2893.43
2023-11-28,13:51:39.647,  460.84,  283.69,  459.11,  284.34,  464.64,  290.39,  461.92,  283.24,,, 1846.51, 1141.66,    125327, 2988.17,   1846.51,   1141.66,   2988.17
2023-11-28,13:51:40.648,  449.60,  277.55,  448.42,  278.51,  454.01,  284.59,  451.05,  277.68,,, 1803.08, 1118.33,    125453, 2921.40,   1803.08,   1118.33,   2921.40
2023-11-28,13:51:41.648,  449.81,  277.54,  448.99,  278.70,  454.82,  284.73,  451.68,  277.95,,, 1805.29, 1118.93,    125332, 2924.22,   1805.29,   1118.93,   2924.22
2023-11-28,13:51:42.648,  452.07,  278.70,  450.97,  279.74,  456.82,  285.66,  453.48,  278.84,,, 1813.34, 1122.94,    125348, 2936.28,   1813.34,   1122.94,   2936.28
2023-11-28,13:51:43.648,  449.97,  277.80,  449.09,  278.92,  454.47,  284.47,  451.86,  278.27,,, 1805.39, 1119.45,    125442, 2924.84,   1805.39,   1119.45,   2924.84
2023-11-28,13:51:44.648,  448.31,  276.62,  447.38,  277.98,  453.09,  283.78,  449.92,  277.09,,, 1798.71, 1115.47,    125357, 2914.18,   1798.71,   1115.47,   2914.18
2023-11-28,13:51:45.648,  449.63,  277.50,  448.37,  278.49,  454.42,  284.60,  450.84,  277.46,,, 1803.26, 1118.05,    125308, 2921.31,   1803.26,   1118.05,   2921.31
2023-11-28,13:51:46.648,  451.50,  278.46,  449.58,  278.84,  455.84,  285.16,  452.41,  277.99,,, 1809.32, 1120.45,    125457, 2929.78,   1809.32,   1120.45,   2929.78
2023-11-28,13:51:47.648,  449.33,  277.34,  447.60,  277.78,  454.00,  284.11,  449.85,  276.67,,, 1800.77, 1115.91,    125322, 2916.68,   1800.77,   1115.91,   2916.68
2023-11-28,13:51:48.648,  464.49,  284.87,  462.55,  285.34,  468.76,  291.55,  465.10,  284.39,,, 1860.91, 1146.15,    125315, 3007.06,   1860.91,   1146.15,   3007.06
2023-11-28,13:51:49.648,  449.71,  277.75,  447.65,  277.97,  453.77,  284.22,  450.43,  277.33,,, 1801.56, 1117.27,    125426, 2918.83,   1801.56,   1117.27,   2918.83
2023-11-28,13:51:50.648,  450.01,  277.73,  447.98,  278.11,  454.48,  284.30,  451.21,  277.58,,, 1803.68, 1117.73,    125333, 2921.41,   1803.68,   1117.73,   2921.41
2023-11-28,13:51:51.648,  447.00,  276.24,  445.47,  276.74,  451.32,  282.64,  448.87,  276.35,,, 1792.66, 1111.96,    125311, 2904.63,   1792.66,   1111.96,   2904.63
2023-11-28,13:51:52.648,  450.48,  278.01,  448.66,  278.37,  454.21,  284.09,  451.95,  277.98,,, 1805.30, 1118.45,    125418, 2923.74,   1805.30,   1118.45,   2923.74
2023-11-28,13:51:53.648,  448.04,  276.80,  446.43,  277.26,  452.10,  282.97,  449.20,  276.58,,, 1795.77, 1113.61,    125320, 2909.38,   1795.77,   1113.61,   2909.38
2023-11-28,13:51:54.648,  451.58,  278.51,  449.83,  279.05,  456.10,  284.95,  453.00,  278.37,,, 1810.51, 1120.88,    125335, 2931.39,   1810.51,   1120.88,   2931.39
2023-11-28,13:51:55.648,  449.02,  277.37,  447.56,  277.85,  453.77,  283.84,  450.36,  277.08,,, 1800.72, 1116.13,    125456, 2916.85,   1800.72,   1116.13,   2916.85
2023-11-28,13:51:56.648,  450.52,  278.15,  449.27,  278.53,  455.57,  284.71,  451.96,  277.73,,, 1807.33, 1119.12,    125345, 2926.45,   1807.33,   1119.12,   2926.45
2023-11-28,13:51:57.648,  445.78,  275.69,  445.15,  276.55,  450.69,  282.38,  447.80,  275.55,,, 1789.42, 1110.17,    125284, 2899.59,   1789.42,   1110.17,   2899.59
2023-11-28,13:51:58.648,  446.60,  276.08,  445.58,  276.42,  451.59,  282.67,  448.40,  275.63,,, 1792.16, 1110.80,    125472, 2902.95,   1792.16,   1110.80,   2902.95
2023-11-28,13:51:59.648,  443.01,  274.06,  442.56,  275.04,  448.54,  281.07,  445.44,  274.15,,, 1779.55, 1104.33,    125321, 2883.88,   1779.55,   1104.33,   2883.88
2023-11-28,13:52:00.648,  449.38,  278.09,  448.83,  279.10,  454.77,  285.06,  451.33,  278.19,,, 1804.31, 1120.44,    125325, 2924.75,   1804.31,   1120.44,   2924.75
2023-11-28,13:52:01.648,  449.05,  277.29,  448.20,  278.14,  454.46,  284.36,  451.04,  277.26,,, 1802.74, 1117.05,    125454, 2919.80,   1802.74,   1117.05,   2919.80
2023-11-28,13:52:02.648,  450.82,  278.39,  449.98,  279.13,  455.98,  285.23,  452.28,  277.84,,, 1809.06, 1120.59,    125361, 2929.65,   1809.06,   1120.59,   2929.65
2023-11-28,13:52:03.648,  449.81,  277.90,  448.67,  278.27,  454.19,  284.45,  451.15,  277.28,,, 1803.82, 1117.91,    125301, 2921.72,   1803.82,   1117.91,   2921.72
2023-11-28,13:52:04.649,  455.09,  284.65,  453.47,  284.91,  458.94,  290.78,  456.25,  284.07,,, 1823.76, 1144.42,    125501, 2968.17,   1823.76,   1144.42,   2968.17
2023-11-28,13:52:05.649,  450.39,  278.30,  448.78,  278.40,  454.44,  284.48,  451.51,  277.64,,, 1805.11, 1118.83,    125315, 2923.94,   1805.11,   1118.83,   2923.94
2023-11-28,13:52:06.650,  448.69,  277.26,  447.43,  277.89,  453.34,  283.82,  449.99,  276.77,,, 1799.44, 1115.74,    125350, 2915.19,   1799.44,   1115.74,   2915.19
2023-11-28,13:52:07.650,  454.24,  280.10,  452.67,  280.45,  458.57,  286.50,  455.64,  279.65,,, 1821.12, 1126.69,    125439, 2947.81,   1821.12,   1126.69,   2947.81
2023-11-28,13:52:08.650,  447.85,  276.88,  446.10,  277.06,  452.63,  283.31,  449.32,  276.54,,, 1795.90, 1113.79,    125327, 2909.69,   1795.90,   1113.79,   2909.69
2023-11-28,13:52:09.651,  450.46,  278.13,  449.19,  278.56,  455.38,  284.87,  452.21,  277.83,,, 1807.25, 1119.38,    125356, 2926.63,   1807.25,   1119.38,   2926.63
2023-11-28,13:52:10.651,  449.85,  278.02,  448.24,  278.15,  454.41,  284.35,  451.36,  277.37,,, 1803.86, 1117.88,    125462, 2921.74,   1803.86,   1117.88,   2921.74
2023-11-28,13:52:11.651,  448.80,  277.33,  447.78,  278.10,  453.05,  283.50,  450.51,  276.96,,, 1800.14, 1115.88,    125266, 2916.03,   1800.14,   1115.88,   2916.03
2023-11-28,13:52:12.651,  449.47,  277.68,  449.02,  278.86,  454.24,  284.32,  451.33,  277.55,,, 1804.06, 1118.41,    125431, 2922.48,   1804.06,   1118.41,   2922.48
2023-11-28,13:52:13.651,  449.94,  277.88,  448.62,  278.53,  454.32,  284.30,  451.00,  277.19,,, 1803.88, 1117.89,    125337, 2921.77,   1803.88,   1117.89,   2921.77
2023-11-28,13:52:14.651,  448.40,  277.10,  446.92,  277.32,  452.96,  283.65,  449.68,  276.36,,, 1797.96, 1114.43,    125298, 2912.40,   1797.96,   1114.43,   2912.40
2023-11-28,13:52:15.651,  448.34,  277.15,  446.73,  277.34,  452.37,  283.46,  449.87,  276.86,,, 1797.31, 1114.81,    125456, 2912.12,   1797.31,   1114.81,   2912.12
2023-11-28,13:52:16.651,  447.93,  276.74,  446.64,  277.25,  452.26,  283.19,  449.37,  276.51,,, 1796.20, 1113.70,    125364, 2909.90,   1796.20,   1113.70,   2909.90
2023-11-28,13:52:17.651,  450.08,  277.90,  448.53,  278.22,  454.76,  284.49,  451.62,  277.50,,, 1804.99, 1118.11,    125327, 2923.10,   1804.99,   1118.11,   2923.10
2023-11-28,13:52:18.651,  449.13,  277.48,  447.88,  277.94,  454.12,  284.16,  450.79,  277.13,,, 1801.91, 1116.70,    125511, 2918.62,   1801.91,   1116.70,   2918.62
2023-11-28,13:52:19.651,  447.83,  276.79,  446.68,  277.21,  452.88,  283.53,  449.72,  276.59,,, 1797.11, 1114.12,    125321, 2911.23,   1797.11,   1114.12,   2911.23
2023-11-28,13:52:20.651,  450.18,  278.26,  448.68,  278.28,  454.65,  284.49,  452.43,  278.08,,, 1805.95, 1119.11,    125342, 2925.05,   1805.95,   1119.11,   2925.05
2023-11-28,13:52:21.651,  449.09,  277.57,  447.78,  277.82,  453.70,  284.03,  451.57,  277.58,,, 1802.15, 1117.00,    125433, 2919.14,   1802.15,   1117.00,   2919.14
2023-11-28,13:52:22.651,  450.26,  278.08,  448.84,  278.45,  454.72,  284.49,  452.58,  278.12,,, 1806.40, 1119.15,    125353, 2925.54,   1806.40,   1119.15,   2925.54
2023-11-28,13:52:23.651,  446.21,  275.80,  445.10,  276.48,  450.83,  282.48,  448.61,  275.97,,, 1790.76, 1110.73,    125311, 2901.49,   1790.76,   1110.73,   2901.49
2023-11-28,13:52:24.651,  448.02,  276.80,  446.32,  276.88,  452.32,  283.16,  449.82,  276.38,,, 1796.48, 1113.23,    125443, 2909.71,   1796.48,   1113.23,   2909.71
2023-11-28,13:52:25.651,  445.97,  274.71,  444.66,  274.97,  450.88,  281.65,  447.58,  274.14,,, 1789.08, 1105.47,    125323, 2894.55,   1789.08,   1105.47,   2894.55
2023-11-28,13:52:26.652,  446.04,  275.80,  444.89,  276.28,  450.56,  282.25,  447.81,  275.28,,, 1789.30, 1109.61,    125319, 2898.91,   1789.30,   1109.61,   2898.91
2023-11-28,13:52:27.652,  448.16,  276.89,  447.14,  277.35,  452.84,  283.25,  450.31,  276.61,,, 1798.44, 1114.11,    125471, 2912.56,   1798.44,   1114.11,   2912.56
2023-11-28,13:52:28.652,  447.00,  276.38,  445.85,  276.72,  451.64,  282.81,  448.76,  275.80,,, 1793.25, 1111.71,    125329, 2904.96,   1793.25,   1111.71,   2904.96
2023-11-28,13:52:29.653,  445.05,  275.04,  444.41,  275.91,  449.69,  281.57,  447.20,  274.82,,, 1786.35, 1107.34,    125315, 2893.70,   1786.35,   1107.34,   2893.70
2023-11-28,13:52:30.653,  442.73,  273.88,  442.08,  274.90,  447.86,  280.74,  444.67,  273.78,,, 1777.34, 1103.30,    125504, 2880.65,   1777.34,   1103.30,   2880.65
2023-11-28,13:52:31.653,  444.81,  275.14,  443.70,  275.58,  449.39,  281.53,  446.85,  275.02,,, 1784.75, 1107.27,    125305, 2892.02,   1784.75,   1107.27,   2892.02
2023-11-28,13:52:32.654,  445.01,  275.14,  444.56,  276.07,  450.48,  282.01,  447.31,  275.11,,, 1787.36, 1108.32,    125354, 2895.68,   1787.36,   1108.32,   2895.68
2023-11-28,13:52:33.654,  447.89,  276.70,  447.17,  277.59,  452.61,  283.12,  449.91,  276.64,,, 1797.58, 1114.05,    125439, 2911.63,   1797.58,   1114.05,   2911.63
2023-11-28,13:52:34.654,  451.71,  278.69,  451.54,  279.93,  456.72,  285.45,  454.01,  278.82,,, 1813.98, 1122.90,    125325, 2936.88,   1813.98,   1122.90,   2936.88
2023-11-28,13:52:35.655,  452.72,  279.20,  452.10,  279.99,  457.25,  285.67,  454.43,  278.95,,, 1816.50, 1123.81,    125340, 2940.30,   1816.50,   1123.81,   2940.30
2023-11-28,13:52:36.654,  450.23,  277.89,  450.32,  279.27,  455.55,  284.94,  452.61,  277.92,,, 1808.70, 1120.02,    125462, 2928.72,   1808.70,   1120.02,   2928.72
2023-11-28,13:52:37.654,  453.52,  279.64,  452.86,  280.43,  458.04,  286.13,  455.50,  279.40,,, 1819.92, 1125.59,    125327, 2945.51,   1819.92,   1125.59,   2945.51
2023-11-28,13:52:38.655,  453.43,  279.45,  453.17,  280.53,  458.08,  286.00,  455.77,  279.63,,, 1820.45, 1125.61,    125338, 2946.06,   1820.45,   1125.61,   2946.06
2023-11-28,13:52:39.654,  455.75,  280.86,  455.77,  282.15,  460.87,  287.57,  458.66,  281.26,,, 1831.04, 1131.83,    125445, 2962.87,   1831.04,   1131.83,   2962.87
2023-11-28,13:52:40.654,  453.91,  279.79,  453.67,  281.11,  459.00,  286.57,  456.48,  279.97,,, 1823.06, 1127.45,    125336, 2950.51,   1823.06,   1127.45,   2950.51
2023-11-28,13:52:41.655,  454.09,  280.10,  453.32,  280.68,  458.84,  286.53,  456.20,  279.76,,, 1822.45, 1127.07,    125490, 2949.52,   1822.45,   1127.07,   2949.52
2023-11-28,13:52:42.654,  454.56,  280.28,  453.16,  280.40,  459.09,  286.50,  456.32,  279.65,,, 1823.13, 1126.84,    125336, 2949.97,   1823.13,   1126.84,   2949.97
2023-11-28,13:52:43.654,  450.69,  278.25,  449.96,  278.97,  455.44,  284.74,  453.08,  278.06,,, 1809.17, 1120.01,    125288, 2929.18,   1809.17,   1120.01,   2929.18
2023-11-28,13:52:44.655,  450.62,  278.19,  450.76,  279.41,  455.83,  285.15,  453.10,  278.07,,, 1810.31, 1120.83,    125439, 2931.14,   1810.31,   1120.83,   2931.14
2023-11-28,13:52:45.654,  455.32,  280.43,  454.93,  281.38,  460.19,  287.09,  457.68,  280.35,,, 1828.12, 1129.26,    125332, 2957.38,   1828.12,   1129.26,   2957.38
2023-11-28,13:52:46.654,  455.15,  280.67,  454.25,  281.09,  459.81,  287.19,  457.41,  280.15,,, 1826.62, 1129.10,    125319, 2955.72,   1826.62,   1129.10,   2955.72
2023-11-28,13:52:47.655,  456.32,  281.14,  455.15,  281.59,  460.71,  287.56,  457.96,  280.48,,, 1830.14, 1130.77,    125470, 2960.91,   1830.14,   1130.77,   2960.91
2023-11-28,13:52:48.654,  452.12,  279.04,  450.68,  279.23,  456.57,  285.50,  454.10,  278.58,,, 1813.47, 1122.35,    125312, 2935.82,   1813.47,   1122.35,   2935.82
2023-11-28,13:52:49.654,  451.37,  278.53,  450.24,  278.89,  456.05,  285.18,  453.54,  278.08,,, 1811.21, 1120.69,    125351, 2931.91,   1811.21,   1120.69,   2931.91
2023-11-28,13:52:50.655,  450.83,  278.35,  450.53,  279.51,  455.58,  285.20,  453.02,  278.10,,, 1809.96, 1121.17,    125429, 2931.13,   1809.96,   1121.17,   2931.13
2023-11-28,13:52:51.654,  448.62,  277.01,  448.23,  278.35,  453.12,  283.55,  451.28,  277.03,,, 1801.24, 1115.93,    125323, 2917.18,   1801.24,   1115.93,   2917.18
2023-11-28,13:52:52.654,  451.20,  278.26,  450.53,  279.45,  455.49,  284.76,  453.25,  278.09,,, 1810.48, 1120.56,    125350, 2931.03,   1810.48,   1120.56,   2931.03
2023-11-28,13:52:53.654,  450.37,  278.12,  449.52,  278.90,  454.61,  284.55,  452.70,  277.99,,, 1807.19, 1119.57,    125439, 2926.77,   1807.19,   1119.57,   2926.77
2023-11-28,13:52:54.654,  451.04,  278.37,  450.21,  279.10,  455.53,  284.94,  453.08,  277.88,,, 1809.86, 1120.29,    125344, 2930.15,   1809.86,   1120.29,   2930.15
2023-11-28,13:52:55.654,  450.78,  278.44,  450.15,  279.22,  455.08,  284.67,  453.31,  278.19,,, 1809.33, 1120.52,    125346, 2929.85,   1809.33,   1120.52,   2929.85
2023-11-28,13:52:56.654,  449.42,  277.82,  448.46,  278.22,  453.66,  284.17,  451.55,  277.23,,, 1803.09, 1117.44,    125450, 2920.53,   1803.09,   1117.44,   2920.53
2023-11-28,13:52:57.654,  450.67,  278.26,  449.29,  278.47,  454.32,  284.49,  452.68,  277.73,,, 1806.96, 1118.96,    125331, 2925.92,   1806.96,   1118.96,   2925.92
2023-11-28,13:52:58.655,  451.09,  278.49,  449.41,  278.33,  454.58,  284.65,  452.82,  277.76,,, 1807.89, 1119.24,    125320, 2927.13,   1807.89,   1119.24,   2927.13
2023-11-28,13:52:59.655,  451.41,  278.28,  449.64,  278.02,  454.81,  284.29,  453.09,  277.39,,, 1808.96, 1117.98,    125459, 2926.94,   1808.96,   1117.98,   2926.94
2023-11-28,13:53:00.655,  451.99,  278.73,  450.58,  278.86,  455.76,  284.92,  454.30,  278.38,,, 1812.64, 1120.90,    125334, 2933.54,   1812.64,   1120.90,   2933.54
2023-11-28,13:53:01.656,  449.73,  277.90,  448.34,  278.09,  453.67,  284.19,  451.53,  277.12,,, 1803.27, 1117.30,    125463, 2920.57,   1803.27,   1117.30,   2920.57
2023-11-28,13:53:02.655,  451.24,  278.51,  450.13,  278.89,  455.28,  284.74,  453.51,  277.95,,, 1810.16, 1120.09,    125366, 2930.25,   1810.16,   1120.09,   2930.25
2023-11-28,13:53:03.655,  449.52,  277.66,  448.61,  278.37,  453.73,  284.12,  451.73,  277.21,,, 1803.59, 1117.36,    125325, 2920.95,   1803.59,   1117.36,   2920.95
2023-11-28,13:53:04.656,  449.27,  277.25,  448.41,  278.26,  453.95,  284.26,  451.75,  277.32,,, 1803.38, 1117.10,    125426, 2920.48,   1803.38,   1117.10,   2920.48
2023-11-28,13:53:05.655,  450.75,  278.05,  449.67,  278.83,  454.93,  284.48,  452.71,  277.70,,, 1808.07, 1119.06,    125328, 2927.13,   1808.07,   1119.06,   2927.13
2023-11-28,13:53:06.655,  441.15,  286.49,  440.51,  286.92,  445.50,  293.07,  443.55,  286.44,,, 1770.70, 1152.92,    125518, 2923.63,   1770.70,   1152.92,   2923.63
2023-11-28,13:53:07.656,  433.70,  287.70,  433.11,  288.18,  438.33,  294.42,  436.32,  287.73,,, 1741.46, 1158.02,    125725, 2899.49,   1741.46,   1158.02,   2899.49
2023-11-28,13:53:08.655,  433.72,  287.76,  433.27,  288.29,  438.50,  294.37,  436.17,  287.88,,, 1741.67, 1158.30,    125580, 2899.96,   1741.67,   1158.30,   2899.96
2023-11-28,13:53:09.655,  434.43,  288.39,  433.92,  288.87,  439.13,  294.82,  436.55,  288.22,,, 1744.03, 1160.30,    125563, 2904.33,   1744.03,   1160.30,   2904.33
2023-11-28,13:53:10.655,  434.01,  288.27,  433.26,  288.60,  438.83,  294.85,  435.81,  287.88,,, 1741.91, 1159.59,    125713, 2901.50,   1741.91,   1159.59,   2901.50
2023-11-28,13:53:11.655,  434.89,  288.47,  433.86,  288.70,  439.77,  295.08,  436.12,  287.77,,, 1744.64, 1160.02,    125614, 2904.66,   1744.64,   1160.02,   2904.66
2023-11-28,13:53:12.656,  434.19,  288.23,  433.55,  288.90,  439.30,  295.02,  435.37,  287.93,,, 1742.41, 1160.08,    125524, 2902.48,   1742.41,   1160.08,   2902.48
2023-11-28,13:53:13.656,  433.72,  288.02,  433.38,  288.76,  439.40,  295.06,  435.33,  287.92,,, 1741.83, 1159.76,    125703, 2901.59,   1741.83,   1159.76,   2901.59
2023-11-28,13:53:14.656,  434.14,  287.91,  434.20,  288.65,  439.76,  295.02,  436.17,  287.82,,, 1744.27, 1159.41,    125581, 2903.68,   1744.27,   1159.41,   2903.68
2023-11-28,13:53:15.657,  435.35,  289.09,  434.86,  289.24,  440.37,  295.53,  437.03,  288.66,,, 1747.61, 1162.52,    125566, 2910.13,   1747.61,   1162.52,   2910.13
2023-11-28,13:53:16.657,  438.29,  289.11,  438.06,  289.78,  444.16,  296.54,  440.28,  289.11,,, 1760.79, 1164.54,    125705, 2925.34,   1760.79,   1164.54,   2925.34
2023-11-28,13:53:17.657,  433.84,  288.17,  433.18,  288.69,  439.15,  294.95,  435.51,  287.94,,, 1741.67, 1159.75,    125563, 2901.43,   1741.67,   1159.75,   2901.43
2023-11-28,13:53:18.658,  433.09,  287.67,  432.36,  287.80,  438.67,  294.37,  434.49,  287.15,,, 1738.61, 1157.00,    125580, 2895.61,   1738.61,   1157.00,   2895.61
2023-11-28,13:53:19.658,  432.39,  287.32,  431.52,  287.46,  438.12,  294.12,  433.83,  287.09,,, 1735.87, 1155.99,    125694, 2891.86,   1735.87,   1155.99,   2891.86
2023-11-28,13:53:20.658,  435.22,  288.85,  434.54,  289.42,  440.84,  295.67,  436.70,  288.67,,, 1747.30, 1162.61,    125574, 2909.91,   1747.30,   1162.61,   2909.91
2023-11-28,13:53:21.659,  435.36,  288.87,  434.47,  289.44,  440.97,  295.71,  436.52,  288.60,,, 1747.31, 1162.62,    125626, 2909.93,   1747.31,   1162.62,   2909.93
2023-11-28,13:53:22.659,  434.11,  287.97,  432.93,  288.43,  439.58,  294.65,  435.01,  287.79,,, 1741.63, 1158.84,    125682, 2900.47,   1741.63,   1158.84,   2900.47
2023-11-28,13:53:23.659,  435.02,  288.39,  433.98,  289.28,  440.59,  295.23,  436.07,  288.55,,, 1745.67, 1161.45,    125610, 2907.12,   1745.67,   1161.45,   2907.12
2023-11-28,13:53:24.660,  435.37,  288.57,  434.00,  289.48,  440.57,  295.42,  436.51,  288.77,,, 1746.45, 1162.25,    125579, 2908.69,   1746.45,   1162.25,   2908.69
2023-11-28,13:53:25.660,  434.19,  287.78,  432.81,  288.49,  439.47,  294.63,  434.67,  287.52,,, 1741.13, 1158.43,    125705, 2899.56,   1741.13,   1158.43,   2899.56
2023-11-28,13:53:26.660,  435.59,  288.73,  434.57,  289.51,  441.02,  295.75,  436.39,  288.58,,, 1747.58, 1162.56,    125633, 2910.15,   1747.58,   1162.56,   2910.15
2023-11-28,13:53:27.661,  435.63,  288.72,  433.98,  289.24,  440.62,  295.54,  436.31,  288.52,,, 1746.54, 1162.02,    125651, 2908.57,   1746.54,   1162.02,   2908.57
2023-11-28,13:53:28.662,  433.29,  287.38,  431.84,  287.95,  438.03,  294.00,  434.10,  287.15,,, 1737.26, 1156.48,    125692, 2893.74,   1737.26,   1156.48,   2893.74
2023-11-28,13:53:29.661,  435.48,  289.08,  434.10,  289.54,  440.01,  295.58,  436.48,  288.80,,, 1746.07, 1163.00,    125621, 2909.07,   1746.07,   1163.00,   2909.07
2023-11-28,13:53:30.662,  433.21,  287.49,  431.74,  288.04,  437.73,  293.85,  433.92,  287.22,,, 1736.60, 1156.60,    125558, 2893.19,   1736.60,   1156.60,   2893.19
2023-11-28,13:53:31.661,  435.37,  288.41,  433.54,  288.97,  440.47,  295.63,  436.35,  288.27,,, 1745.73, 1161.29,    125709, 2907.01,   1745.73,   1161.29,   2907.01
2023-11-28,13:53:32.661,  435.22,  288.65,  433.43,  289.35,  439.70,  295.62,  436.28,  288.56,,, 1744.63, 1162.19,    125581, 2906.82,   1744.63,   1162.19,   2906.82
2023-11-28,13:53:33.662,  433.26,  287.61,  431.58,  288.24,  437.66,  294.33,  434.53,  287.43,,, 1737.03, 1157.60,    125706, 2894.63,   1737.03,   1157.60,   2894.63
2023-11-28,13:53:34.661,  434.81,  288.25,  432.76,  288.69,  439.27,  295.18,  435.53,  287.68,,, 1742.37, 1159.81,    125584, 2902.18,   1742.37,   1159.81,   2902.18
2023-11-28,13:53:35.661,  435.04,  288.32,  433.16,  289.14,  439.04,  295.33,  436.33,  288.36,,, 1743.57, 1161.15,    125542, 2904.72,   1743.57,   1161.15,   2904.72
2023-11-28,13:53:36.662,  434.07,  287.84,  432.03,  288.25,  438.31,  294.76,  435.22,  287.62,,, 1739.62, 1158.48,    125653, 2898.10,   1739.62,   1158.48,   2898.10
2023-11-28,13:53:37.661,  435.44,  288.48,  432.97,  288.29,  439.41,  294.86,  436.78,  288.28,,, 1744.61, 1159.91,    125596, 2904.51,   1744.61,   1159.91,   2904.51
2023-11-28,13:53:38.662,  435.25,  288.88,  432.84,  288.83,  439.11,  294.85,  436.51,  288.74,,, 1743.71, 1161.30,    125597, 2905.01,   1743.71,   1161.30,   2905.01
2023-11-28,13:53:39.663,  432.34,  286.86,  430.49,  287.17,  436.71,  293.08,  432.89,  286.54,,, 1732.42, 1153.65,    125714, 2886.07,   1732.42,   1153.65,   2886.07
2023-11-28,13:53:40.662,  434.96,  288.49,  432.93,  288.72,  439.10,  294.77,  435.43,  288.03,,, 1742.41, 1160.02,    125607, 2902.43,   1742.41,   1160.02,   2902.43
2023-11-28,13:53:41.663,  435.46,  288.83,  433.97,  289.43,  439.69,  295.41,  436.30,  288.76,,, 1745.43, 1162.43,    125582, 2907.86,   1745.43,   1162.43,   2907.86
2023-11-28,13:53:42.664,  433.62,  287.59,  432.53,  288.47,  438.03,  294.30,  434.76,  287.85,,, 1738.95, 1158.21,    125703, 2897.16,   1738.95,   1158.21,   2897.16
2023-11-28,13:53:43.663,  437.28,  289.48,  435.90,  290.04,  441.70,  296.12,  438.37,  289.70,,, 1753.25, 1165.34,    125610, 2918.59,   1753.25,   1165.34,   2918.59
2023-11-28,13:53:44.664,  434.42,  288.06,  432.60,  288.40,  439.06,  294.66,  435.42,  287.93,,, 1741.49, 1159.05,    125735, 2900.53,   1741.49,   1159.05,   2900.53
2023-11-28,13:53:45.663,  434.11,  287.88,  432.07,  288.04,  438.98,  294.50,  434.51,  287.39,,, 1739.66, 1157.80,    125631, 2897.47,   1739.66,   1157.80,   2897.47
2023-11-28,13:53:46.663,  437.12,  289.89,  434.95,  289.71,  442.24,  296.24,  437.99,  289.25,,, 1752.30, 1165.09,    125559, 2917.39,   1752.30,   1165.09,   2917.39
2023-11-28,13:53:47.664,  434.37,  288.03,  433.10,  288.74,  439.32,  294.57,  435.78,  288.05,,, 1742.58, 1159.39,    125763, 2901.97,   1742.58,   1159.39,   2901.97
2023-11-28,13:53:48.663,  433.41,  287.45,  432.36,  288.12,  438.43,  294.08,  434.53,  287.04,,, 1738.73, 1156.68,    125572, 2895.41,   1738.73,   1156.68,   2895.41
2023-11-28,13:53:49.663,  434.02,  287.89,  432.83,  288.54,  439.00,  294.63,  435.22,  287.70,,, 1741.08, 1158.76,    125596, 2899.84,   1741.08,   1158.76,   2899.84
2023-11-28,13:53:50.664,  434.15,  288.22,  432.76,  288.70,  438.89,  294.98,  435.75,  288.05,,, 1741.53, 1159.95,    125706, 2901.48,   1741.53,   1159.95,   2901.48
2023-11-28,13:53:51.663,  433.34,  287.57,  431.88,  288.05,  437.98,  294.32,  434.69,  287.41,,, 1737.90, 1157.35,    125652, 2895.26,   1737.90,   1157.35,   2895.26
2023-11-28,13:53:52.664,  435.82,  288.85,  433.60,  288.90,  439.99,  295.35,  436.56,  288.40,,, 1745.98, 1161.51,    125589, 2907.49,   1745.98,   1161.51,   2907.49
2023-11-28,13:53:53.665,  432.62,  287.02,  431.07,  287.48,  437.37,  293.78,  433.61,  286.70,,, 1734.68, 1154.99,    125746, 2889.67,   1734.68,   1154.99,   2889.67
2023-11-28,13:53:54.664,  433.01,  287.11,  431.19,  287.78,  437.47,  293.98,  433.73,  286.89,,, 1735.40, 1155.77,    125619, 2891.17,   1735.40,   1155.77,   2891.17
2023-11-28,13:53:55.665,  434.31,  287.69,  432.07,  288.11,  438.43,  294.25,  435.08,  287.39,,, 1739.89, 1157.45,    125580, 2897.33,   1739.89,   1157.45,   2897.33
2023-11-28,13:53:56.666,  433.77,  287.36,  431.63,  287.74,  437.90,  294.19,  434.66,  286.97,,, 1737.96, 1156.26,    125729, 2894.22,   1737.96,   1156.26,   2894.22
2023-11-28,13:53:57.665,  432.87,  286.77,  431.11,  287.21,  436.99,  293.30,  433.89,  286.48,,, 1734.86, 1153.76,    125556, 2888.61,   1734.86,   1153.76,   2888.61
2023-11-28,13:53:58.666,  432.89,  286.89,  431.44,  287.43,  437.05,  293.24,  433.74,  286.60,,, 1735.12, 1154.16,    125721, 2889.28,   1735.12,   1154.16,   2889.28
2023-11-28,13:53:59.665,  432.85,  286.98,  431.42,  287.48,  437.31,  293.28,  433.92,  286.77,,, 1735.50, 1154.51,    125608, 2890.01,   1735.50,   1154.51,   2890.01
2023-11-28,13:54:00.665,  430.85,  285.86,  430.22,  286.82,  435.80,  292.49,  432.47,  285.81,,, 1729.34, 1150.98,    125577, 2880.32,   1729.34,   1150.98,   2880.32
2023-11-28,13:54:01.666,  432.43,  286.76,  431.80,  287.69,  436.94,  293.27,  433.42,  286.53,,, 1734.60, 1154.26,    125748, 2888.85,   1734.60,   1154.26,   2888.85
2023-11-28,13:54:02.665,  434.53,  287.91,  433.83,  289.24,  439.20,  294.75,  436.04,  288.05,,, 1743.60, 1159.95,    125581, 2903.55,   1743.60,   1159.95,   2903.55
2023-11-28,13:54:03.665,  431.63,  286.07,  430.60,  287.29,  436.49,  292.96,  432.98,  286.15,,, 1731.69, 1152.47,    125565, 2884.16,   1731.69,   1152.47,   2884.16
2023-11-28,13:54:04.666,  431.91,  286.53,  431.05,  287.38,  436.93,  293.34,  433.55,  286.64,,, 1733.44, 1153.89,    125704, 2887.33,   1733.44,   1153.89,   2887.33
2023-11-28,13:54:05.665,  433.24,  287.20,  432.11,  287.95,  438.02,  293.87,  435.16,  287.31,,, 1738.53, 1156.33,    125573, 2894.86,   1738.53,   1156.33,   2894.86
2023-11-28,13:54:06.666,  432.45,  286.96,  430.82,  287.07,  436.82,  293.35,  433.85,  286.49,,, 1733.93, 1153.88,    125657, 2887.81,   1733.93,   1153.88,   2887.81
2023-11-28,13:54:07.667,  431.71,  286.52,  430.79,  287.10,  436.74,  293.18,  433.23,  286.30,,, 1732.47, 1153.10,    125719, 2885.57,   1732.47,   1153.10,   2885.57
2023-11-28,13:54:08.666,  432.99,  287.21,  431.91,  287.67,  437.53,  293.65,  434.25,  287.00,,, 1736.68, 1155.53,    125578, 2892.21,   1736.68,   1155.53,   2892.21
2023-11-28,13:54:09.667,  432.81,  287.32,  432.72,  288.07,  438.29,  294.23,  434.06,  287.17,,, 1737.87, 1156.79,    125711, 2894.66,   1737.87,   1156.79,   2894.66
2023-11-28,13:54:10.667,  432.03,  286.68,  431.62,  287.28,  436.85,  293.34,  433.22,  286.63,,, 1733.72, 1153.93,    125593, 2887.65,   1733.72,   1153.93,   2887.65
2023-11-28,13:54:11.666,  430.41,  285.43,  429.72,  286.11,  434.95,  292.10,  431.86,  285.56,,, 1726.95, 1149.21,    125597, 2876.15,   1726.95,   1149.21,   2876.15
2023-11-28,13:54:12.667,  433.65,  287.66,  433.25,  288.18,  438.87,  294.61,  435.63,  287.73,,, 1741.41, 1158.18,    125712, 2899.58,   1741.41,   1158.18,   2899.58
2023-11-28,13:54:13.667,  432.48,  287.44,  432.09,  287.58,  437.65,  293.95,  434.57,  287.28,,, 1736.78, 1156.24,    125618, 2893.03,   1736.78,   1156.24,   2893.03
2023-11-28,13:54:14.666,  430.90,  286.13,  430.65,  286.55,  436.06,  292.65,  432.56,  285.98,,, 1730.18, 1151.31,    125625, 2881.48,   1730.18,   1151.31,   2881.48
2023-11-28,13:54:15.667,  435.59,  288.91,  435.06,  289.63,  440.60,  295.53,  437.35,  289.03,,, 1748.60, 1163.10,    125754, 2911.70,   1748.60,   1163.10,   2911.70
2023-11-28,13:54:16.667,  432.00,  286.50,  431.40,  287.18,  436.82,  292.96,  433.63,  286.61,,, 1733.85, 1153.25,    125616, 2887.11,   1733.85,   1153.25,   2887.11
2023-11-28,13:54:17.666,  431.18,  286.05,  429.99,  286.51,  435.87,  292.49,  432.66,  286.14,,, 1729.71, 1151.19,    125596, 2880.90,   1729.71,   1151.19,   2880.90
2023-11-28,13:54:18.667,  434.48,  288.05,  433.37,  288.82,  439.33,  294.71,  435.86,  288.18,,, 1743.04, 1159.76,    125765, 2902.80,   1743.04,   1159.76,   2902.80
2023-11-28,13:54:19.666,  432.07,  286.51,  430.69,  286.91,  436.73,  293.01,  433.08,  286.34,,, 1732.57, 1152.76,    125566, 2885.33,   1732.57,   1152.76,   2885.33
2023-11-28,13:54:20.667,  430.89,  285.83,  429.58,  286.18,  436.20,  292.53,  431.49,  285.44,,, 1728.16, 1149.98,    125587, 2878.14,   1728.16,   1149.98,   2878.14
2023-11-28,13:54:21.668,  433.04,  287.17,  432.30,  287.69,  438.53,  293.85,  434.46,  287.23,,, 1738.33, 1155.95,    125735, 2894.28,   1738.33,   1155.95,   2894.28
2023-11-28,13:54:22.667,  433.58,  287.82,  432.75,  288.33,  439.15,  294.39,  434.99,  287.85,,, 1740.47, 1158.40,    125619, 2898.87,   1740.47,   1158.40,   2898.87
2023-11-28,13:54:23.668,  431.97,  286.58,  431.43,  287.19,  437.49,  293.22,  433.16,  286.61,,, 1734.05, 1153.60,    125594, 2887.65,   1734.05,   1153.60,   2887.65
2023-11-28,13:54:24.668,  433.35,  287.34,  432.81,  287.83,  438.91,  294.02,  434.32,  287.31,,, 1739.38, 1156.49,    125712, 2895.88,   1739.38,   1156.49,   2895.88
2023-11-28,13:54:25.667,  432.99,  287.25,  432.84,  287.93,  438.38,  293.92,  433.50,  286.96,,, 1737.71, 1156.05,    125588, 2893.76,   1737.71,   1156.05,   2893.76
2023-11-28,13:54:26.668,  432.58,  287.17,  432.52,  287.77,  437.62,  293.54,  433.59,  286.89,,, 1736.31, 1155.37,    125714, 2891.68,   1736.31,   1155.37,   2891.68
2023-11-28,13:54:27.668,  431.93,  286.52,  432.29,  287.36,  437.64,  293.46,  432.56,  286.13,,, 1734.42, 1153.47,    125629, 2887.88,   1734.42,   1153.47,   2887.88
2023-11-28,13:54:28.667,  433.63,  287.62,  433.39,  288.42,  439.16,  294.51,  434.19,  287.31,,, 1740.36, 1157.86,    125568, 2898.23,   1740.36,   1157.86,   2898.23
2023-11-28,13:54:29.668,  432.92,  287.13,  432.35,  287.82,  438.93,  294.25,  433.76,  286.80,,, 1737.96, 1155.99,    125712, 2893.95,   1737.96,   1155.99,   2893.95
2023-11-28,13:54:30.668,  429.28,  284.82,  428.78,  285.67,  435.08,  291.57,  430.50,  284.60,,, 1723.64, 1146.66,    125548, 2870.30,   1723.64,   1146.66,   2870.30
2023-11-28,13:54:31.668,  433.21,  287.24,  432.79,  288.18,  438.62,  293.88,  434.55,  287.45,,, 1739.16, 1156.76,    125606, 2895.92,   1739.16,   1156.76,   2895.92
2023-11-28,13:54:32.669,  433.37,  287.39,  432.86,  288.25,  438.77,  294.22,  434.33,  287.29,,, 1739.33, 1157.15,    125722, 2896.48,   1739.33,   1157.15,   2896.48
2023-11-28,13:54:33.668,  431.81,  286.29,  431.72,  287.32,  437.26,  293.44,  432.75,  285.88,,, 1733.54, 1152.93,    125618, 2886.47,   1733.54,   1152.93,   2886.47
2023-11-28,13:54:34.669,  432.46,  287.01,  432.52,  287.57,  438.07,  293.90,  433.60,  286.61,,, 1736.64, 1155.09,    125567, 2891.73,   1736.64,   1155.09,   2891.73
2023-11-28,13:54:35.670,  437.75,  289.01,  437.38,  289.47,  442.93,  295.84,  438.84,  288.74,,, 1756.90, 1163.07,    125675, 2919.97,   1756.90,   1163.07,   2919.97
2023-11-28,13:54:36.669,  431.60,  286.62,  430.86,  286.62,  436.56,  293.18,  432.77,  286.41,,, 1731.79, 1152.84,    125579, 2884.63,   1731.79,   1152.84,   2884.63
2023-11-28,13:54:37.670,  434.01,  288.10,  433.34,  288.04,  439.11,  294.75,  434.93,  287.55,,, 1741.40, 1158.44,    125564, 2899.84,   1741.40,   1158.44,   2899.84
2023-11-28,13:54:38.671,  435.11,  288.60,  433.98,  288.53,  439.71,  295.11,  435.77,  287.84,,, 1744.56, 1160.08,    125687, 2904.64,   1744.56,   1160.08,   2904.64
2023-11-28,13:54:39.670,  431.50,  286.31,  430.43,  286.35,  436.36,  293.02,  432.07,  285.76,,, 1730.35, 1151.45,    125580, 2881.80,   1730.35,   1151.45,   2881.80
2023-11-28,13:54:40.671,  431.96,  286.57,  431.57,  286.98,  437.50,  293.46,  433.06,  286.30,,, 1734.09, 1153.32,    125683, 2887.41,   1734.09,   1153.32,   2887.41
2023-11-28,13:54:41.671,  432.47,  287.04,  432.53,  287.93,  438.14,  294.15,  433.57,  286.79,,, 1736.69, 1155.92,    125646, 2892.61,   1736.69,   1155.92,   2892.61
2023-11-28,13:54:42.670,  430.40,  285.57,  430.16,  286.27,  435.77,  292.43,  431.23,  285.44,,, 1727.56, 1149.70,    125586, 2877.27,   1727.56,   1149.70,   2877.27
2023-11-28,13:54:43.671,  432.76,  287.02,  432.12,  287.69,  437.84,  293.81,  433.32,  286.51,,, 1736.03, 1155.03,    125699, 2891.06,   1736.03,   1155.03,   2891.06
2023-11-28,13:54:44.671,  432.90,  287.09,  431.51,  287.19,  437.56,  293.39,  433.80,  286.76,,, 1735.76, 1154.43,    125556, 2890.19,   1735.76,   1154.43,   2890.19
2023-11-28,13:54:45.671,  433.49,  287.48,  432.28,  287.90,  438.25,  293.96,  434.19,  287.24,,, 1738.20, 1156.58,    125585, 2894.78,   1738.20,   1156.58,   2894.78
2023-11-28,13:54:46.672,  431.82,  286.47,  430.87,  287.01,  436.59,  292.88,  432.94,  286.41,,, 1732.21, 1152.77,    125715, 2884.98,   1732.21,   1152.77,   2884.98
2023-11-28,13:54:47.672,  433.08,  286.97,  432.00,  287.33,  438.18,  293.75,  433.78,  286.80,,, 1737.05, 1154.86,    125591, 2891.91,   1737.05,   1154.86,   2891.91
2023-11-28,13:54:48.672,  434.20,  288.24,  433.26,  288.46,  439.22,  294.71,  435.36,  288.01,,, 1742.05, 1159.43,    125618, 2901.47,   1742.05,   1159.43,   2901.47
2023-11-28,13:54:49.673,  432.44,  286.92,  430.99,  286.99,  437.02,  293.14,  432.91,  286.43,,, 1733.37, 1153.47,    125723, 2886.84,   1733.37,   1153.47,   2886.84
2023-11-28,13:54:50.673,  429.70,  284.79,  428.22,  284.94,  434.35,  291.08,  430.06,  284.44,,, 1722.32, 1145.25,    125573, 2867.57,   1722.32,   1145.25,   2867.57
2023-11-28,13:54:51.672,  433.61,  287.55,  432.89,  288.01,  438.43,  293.74,  434.55,  287.43,,, 1739.48, 1156.73,    125634, 2896.21,   1739.48,   1156.73,   2896.21
2023-11-28,13:54:52.673,  432.98,  287.47,  432.37,  287.83,  438.37,  294.24,  433.34,  287.06,,, 1737.06, 1156.60,    125676, 2893.67,   1737.06,   1156.60,   2893.67
2023-11-28,13:54:53.673,  431.75,  286.59,  431.19,  286.97,  437.21,  293.24,  432.30,  286.31,,, 1732.46, 1153.12,    125581, 2885.57,   1732.46,   1153.12,   2885.57
2023-11-28,13:54:54.672,  433.43,  287.41,  433.57,  288.39,  438.98,  294.25,  434.51,  287.50,,, 1740.49, 1157.55,    125619, 2898.04,   1740.49,   1157.55,   2898.04
2023-11-28,13:54:55.673,  433.05,  287.15,  432.91,  287.99,  438.82,  294.22,  433.97,  287.20,,, 1738.75, 1156.58,    125717, 2895.33,   1738.75,   1156.58,   2895.33
2023-11-28,13:54:56.673,  431.94,  286.72,  431.86,  287.32,  437.31,  293.47,  432.93,  286.45,,, 1734.03, 1153.96,    125533, 2888.00,   1734.03,   1153.96,   2888.00
2023-11-28,13:54:57.673,  431.11,  285.83,  431.54,  286.97,  437.07,  293.07,  432.62,  285.94,,, 1732.35, 1151.82,    125613, 2884.17,   1732.35,   1151.82,   2884.17
2023-11-28,13:54:58.674,  434.32,  288.24,  434.36,  289.29,  440.58,  295.63,  436.09,  288.36,,, 1745.36, 1161.52,    125719, 2906.88,   1745.36,   1161.52,   2906.88
2023-11-28,13:54:59.674,  432.87,  286.78,  432.49,  287.63,  438.37,  293.56,  434.43,  286.74,,, 1738.15, 1154.71,    125620, 2892.87,   1738.15,   1154.71,   2892.87
2023-11-28,13:55:00.673,  431.74,  286.74,  431.22,  287.22,  436.83,  293.18,  432.91,  286.32,,, 1732.71, 1153.47,    125558, 2886.17,   1732.71,   1153.47,   2886.17
2023-11-28,13:55:01.674,  434.88,  288.64,  434.65,  289.41,  440.63,  295.54,  435.92,  288.22,,, 1746.08, 1161.82,    125738, 2907.90,   1746.08,   1161.82,   2907.90
2023-11-28,13:55:02.674,  432.39,  287.08,  431.98,  287.77,  438.14,  294.07,  433.70,  286.96,,, 1736.21, 1155.88,    125584, 2892.10,   1736.21,   1155.88,   2892.10
2023-11-28,13:55:03.673,  431.02,  286.16,  431.22,  286.98,  437.10,  293.14,  432.44,  286.07,,, 1731.79, 1152.34,    125553, 2884.13,   1731.79,   1152.34,   2884.13
2023-11-28,13:55:04.674,  433.89,  288.08,  434.44,  289.04,  440.19,  295.25,  435.13,  287.93,,, 1743.65, 1160.30,    125748, 2903.95,   1743.65,   1160.30,   2903.95
2023-11-28,13:55:05.674,  432.21,  287.13,  432.41,  287.58,  437.89,  293.73,  433.41,  286.80,,, 1735.93, 1155.24,    125540, 2891.17,   1735.93,   1155.24,   2891.17
2023-11-28,13:55:06.674,  431.04,  286.37,  430.91,  286.34,  436.78,  292.88,  432.30,  285.71,,, 1731.03, 1151.31,    125609, 2882.34,   1731.03,   1151.31,   2882.34
2023-11-28,13:55:07.675,  433.83,  288.30,  434.49,  288.90,  440.04,  294.91,  435.72,  288.06,,, 1744.08, 1160.18,    125702, 2904.26,   1744.08,   1160.18,   2904.26
2023-11-28,13:55:08.675,  432.12,  287.32,  432.70,  287.81,  437.89,  293.55,  433.72,  286.91,,, 1736.43, 1155.60,    125630, 2892.04,   1736.43,   1155.60,   2892.04
2023-11-28,13:55:09.675,  431.41,  286.75,  432.01,  287.33,  437.49,  293.11,  433.13,  286.57,,, 1734.03, 1153.77,    125722, 2887.80,   1734.03,   1153.77,   2887.80
2023-11-28,13:55:10.675,  434.88,  288.70,  434.72,  289.18,  440.50,  295.12,  436.04,  288.43,,, 1746.15, 1161.44,    125620, 2907.58,   1746.15,   1161.44,   2907.58
