Column1;Column2;Column3;Column4;Column5;Column6;Column7;Column8;Column9;Column10;Column11;Column12;Column13;Column14;Column15;Column16;Column17;Column18;Column19;Column20;Column21;Column22;Column23;Column24;Column25;Column26;Column27;Column28;Column29;Column30;Column31;Column32;Column33;Column34;Column35;Column36;Column37;Column38;Column39;Column40;Column41;Column42;Column43;Column44;Column45;Column46;Column47;Column48;Column49;Column50;Column51;Column52;Column53;Column54;Column55;Column56;Column57;Column58;Column59;Column60;Column61;Column62;Column63;Column64;Column65;Column66;Column67;Column68;Column69;Column70;Column71;Column72;Column73;Column74;Column75;Column76;Column77;Column78;Column79;Column80;Column81;Column82;Column83;Column84;Column85;Column86;Column87;Column88;Column89;Column90;Column91;Column92;Column93;Column94;Column95;Column96;Column97;Column98;Column99;Column100;Column101;Column102;Column103;Column104;Column105;Column106;Column107;Column108;Column109;Column110;Column111;Column112;Column113;Column114;Column115;Column116;Column117;Column118;Column119;Column120;Column121;Column122;Column123;Column124;Column125;Column126;Column127;Column128;Column129;Column130;Column131;Column132;Column133;Column134;Column135;Column136;Column137;Column138;Column139;Column140;Column141;Column142;Column143;Column144;Column145;Column146;Column147;Column148;Column149;Column150;Column151;Column152;Column153
File;input_rate;output_rate;latency;bridge-pcm_Socket 0-EXEC;bridge-pcm_Socket 0-IPC;bridge-pcm_Socket 0-FREQ;bridge-pcm_Socket 0-AFREQ;bridge-pcm_Socket 0-L3MISS;bridge-pcm_Socket 0-L2MISS;bridge-pcm_Socket 0-L3HIT;bridge-pcm_Socket 0-L2HIT;bridge-pcm_Socket 0-L3MPI;bridge-pcm_Socket 0-L2MPI;bridge-pcm_Socket 0-L3OCC;bridge-pcm_Socket 0-READ;bridge-pcm_Socket 0-WRITE;bridge-pcm_Socket 0-LOCAL;bridge-pcm_Socket 0-TEMP;bridge-pcm_Socket 0-INST;bridge-pcm_Socket 0-ACYC;bridge-pcm_Socket 0-TIME(ticks);bridge-pcm_Socket 0-PhysIPC;bridge-pcm_Socket 0-PhysIPC%;bridge-pcm_Socket 0-INSTnom;bridge-pcm_Socket 0-INSTnom%;bridge-pcm_Socket 1-EXEC;bridge-pcm_Socket 1-IPC;bridge-pcm_Socket 1-FREQ;bridge-pcm_Socket 1-AFREQ;bridge-pcm_Socket 1-L3MISS;bridge-pcm_Socket 1-L2MISS;bridge-pcm_Socket 1-L3HIT;bridge-pcm_Socket 1-L2HIT;bridge-pcm_Socket 1-L3MPI;bridge-pcm_Socket 1-L2MPI;bridge-pcm_Socket 1-L3OCC;bridge-pcm_Socket 1-READ;bridge-pcm_Socket 1-WRITE;bridge-pcm_Socket 1-LOCAL;bridge-pcm_Socket 1-TEMP;bridge-pcm_Socket 1-INST;bridge-pcm_Socket 1-ACYC;bridge-pcm_Socket 1-TIME(ticks);bridge-pcm_Socket 1-PhysIPC;bridge-pcm_Socket 1-PhysIPC%;bridge-pcm_Socket 1-INSTnom;bridge-pcm_Socket 1-INSTnom%;bridge-pcm_SKT0 Core C-State-C0res%;bridge-pcm_SKT0 Core C-State-C1res%;bridge-pcm_SKT0 Core C-State-C3res%;bridge-pcm_SKT0 Core C-State-C6res%;bridge-pcm_SKT0 Core C-State-C7res%;bridge-pcm_SKT0 Package C-State-C0res%;bridge-pcm_SKT0 Package C-State-C2res%;bridge-pcm_SKT0 Package C-State-C3res%;bridge-pcm_SKT0 Package C-State-C6res%;bridge-pcm_SKT0 Package C-State-C7res%;bridge-pcm_SKT1 Core C-State-C0res%;bridge-pcm_SKT1 Core C-State-C1res%;bridge-pcm_SKT1 Core C-State-C3res%;bridge-pcm_SKT1 Core C-State-C6res%;bridge-pcm_SKT1 Core C-State-C7res%;bridge-pcm_SKT1 Package C-State-C0res%;bridge-pcm_SKT1 Package C-State-C2res%;bridge-pcm_SKT1 Package C-State-C3res%;bridge-pcm_SKT1 Package C-State-C6res%;bridge-pcm_SKT1 Package C-State-C7res%;bridge-pcm_Proc Energy (Joules)-SKT0;bridge-pcm_Proc Energy (Joules)-SKT1;bridge-pcm_DRAM Energy (Joules)-SKT0;bridge-pcm_DRAM Energy (Joules)-SKT1;bridge-pcm_LLCRDMISSLAT (ns)-SKT0;bridge-pcm_LLCRDMISSLAT (ns)-SKT1;bridge-pcm_UncFREQ (Ghz)-SKT0;bridge-pcm_UncFREQ (Ghz)-SKT1;bridge-pcm_Core3 (Socket 0)-EXEC;bridge-pcm_Core3 (Socket 0)-IPC;bridge-pcm_Core3 (Socket 0)-FREQ;bridge-pcm_Core3 (Socket 0)-AFREQ;bridge-pcm_Core3 (Socket 0)-L3MISS;bridge-pcm_Core3 (Socket 0)-L2MISS;bridge-pcm_Core3 (Socket 0)-L3HIT;bridge-pcm_Core3 (Socket 0)-L2HIT;bridge-pcm_Core3 (Socket 0)-L3MPI;bridge-pcm_Core3 (Socket 0)-L2MPI;bridge-pcm_Core3 (Socket 0)-L3OCC;bridge-pcm_Core3 (Socket 0)-C0res%;bridge-pcm_Core3 (Socket 0)-C1res%;bridge-pcm_Core3 (Socket 0)-C3res%;bridge-pcm_Core3 (Socket 0)-C6res%;bridge-pcm_Core3 (Socket 0)-C7res%;bridge-pcm_Core3 (Socket 0)-TEMP;bridge-pcm_Core3 (Socket 0)-INST;bridge-pcm_Core3 (Socket 0)-ACYC;bridge-pcm_Core3 (Socket 0)-TIME(ticks);bridge-pcm_Core3 (Socket 0)-PhysIPC;bridge-pcm_Core3 (Socket 0)-PhysIPC%;bridge-pcm_Core3 (Socket 0)-INSTnom;bridge-pcm_Core3 (Socket 0)-INSTnom%;bridge-pcm_-;nf_out_nfs[i].instance_id;nf_out_nfs[i].service_id;nf_out_nfs[i].thread_info.core;nf_out_rx_pps;nf_out_tx_pps;nf_out_rx;nf_out_tx;nf_out_act_out;nf_out_act_tonf;nf_out_act_drop;nf_out_nfs[i].thread_info.parent;nf_out_rte_atomic16_read(&nfs[i].thread_info.children_cnt);nf_out_rx_drop_rate;nf_out_tx_drop_rate;nf_out_rx_drop;nf_out_tx_drop;nf_out_act_next;nf_out_act_buffer;nf_out_act_returned;pcm-pcie_new_skt-0_PCIRdCur;pcm-pcie_new_skt-0_RFO;pcm-pcie_new_skt-0_CRd;pcm-pcie_new_skt-0_DRd;pcm-pcie_new_skt-0_ItoM;pcm-pcie_new_skt-0_PRd;pcm-pcie_new_skt-0_WiL;pcm-pcie_new_skt-1_PCIRdCur;pcm-pcie_new_skt-1_RFO;pcm-pcie_new_skt-1_CRd;pcm-pcie_new_skt-1_DRd;pcm-pcie_new_skt-1_ItoM;pcm-pcie_new_skt-1_PRd;pcm-pcie_new_skt-1_WiL;pcm-memory_new_SKT0-Ch0Read;pcm-memory_new_SKT0-Ch0Write;pcm-memory_new_SKT0-Ch1Read;pcm-memory_new_SKT0-Ch1Write;pcm-memory_new_SKT0-Mem Read (MB/s);pcm-memory_new_SKT0-Mem Write (MB/s);pcm-memory_new_SKT0-P. Write (T/s);pcm-memory_new_SKT0-Memory (MB/s);pcm-memory_new_SKT1-Ch0Read;pcm-memory_new_SKT1-Ch0Write;pcm-memory_new_SKT1-Ch1Read;pcm-memory_new_SKT1-Ch1Write;pcm-memory_new_SKT1-Mem Read (MB/s);pcm-memory_new_SKT1-Mem Write (MB/s);pcm-memory_new_SKT1-P. Write (T/s);pcm-memory_new_SKT1-Memory (MB/s);pcm-memory_new_System-Read;pcm-memory_new_System-Write;pcm-memory_new_System-Memory
1024B-1024;9962.284017183849;8893.565274271165;2282.590615114236;0.5048154657293498;2.6636028119507906;0.19179261862917396;1.1855887521968365;0.09673110720562392;30.84775043936731;0.9984007029876978;0.6296485061511423;0.0;0.0011827768014059754;19593.391915641478;0.5400702987697715;1.220597539543058;98.90333919156414;42.04042179261863;26213.839595782076;9851.011458699473;2597.3437434094903;5.327205623901581;133.18168717047453;1.0089279437609842;25.231195079086113;0.2291739894551846;1.6650790861159928;0.1333919156414763;1.2265202108963096;0.1059402460456942;12.441757469244289;0.9947451669595782;0.41288224956063274;5.799648506151142e-06;0.0010342706502636204;23644.63971880492;0.8972056239015818;0.006274165202108963;98.87170474516697;26.99824253075571;11775.23611599297;7086.2453075571175;2597.3437434094903;3.329859402460457;83.24226713532514;0.4508787346221441;11.333884007029877;16.02687170474517;15.986520210896305;0.008049209138840071;67.97804920913883;0.0;100.0;0.0;0.0;0.0;0.0;11.10548330404218;13.818629173989455;0.015272407732864673;75.05985940246045;0.0;100.0;0.0;0.0;0.0;0.0;57.85346221441124;53.78553602811951;4.608699472759227;4.555325131810194;14362.24827768014;19823.722407732865;3.0;3.0;3.980316344463972;3.358980667838313;1.1865905096660805;1.1882249560632687;0.000281195079086116;8.849455184534271;1.0;0.14063268892794376;0.0;0.0008599297012302283;1540.0351493848857;99.78156414762742;0.21843585237258348;0.0;0.0;0.0;43.82776801405976;10338.23725834798;3077.8650615114234;2597.3437434094903;6.717891036906854;167.9488049209139;7.9603690685413;199.01562390158173;;1.0;1.0;3.0;1175630.8101933217;1175630.9841827769;332684643.1476274;332684642.6520211;332684642.7557118;0.0;0.0;0.0;0.0;143.2231985940246;0.0;81207.69595782073;0.0;0.0;0.0;0.0;18767138.080843586;2295977.7574692443;663757.5676625659;23140794.080843586;17871268.214411248;123.21968365553603;534897.4586994727;20239660.639718805;92128.41476274165;3430156.7311072056;8520905.845342707;14.76274165202109;19023.047451669594;112088.23198594025;114.2383655536028;530.0330755711774;426.43824253075576;691.965992970123;540.6765553602812;1221.9990158172232;52665.55711775044;1762.6754130052723;448.48240773286466;2.540228471001757;449.73325131810196;5.86834797891037;898.2158699472759;8.408277680140596;54229.53075571178;906.6243057996485;1438.8926713532512;1230.4073462214412;2669.3000527240774
1024B-256;9967.724874246282;9896.091925263421;318.50822495606326;0.478804920913884;2.5525131810193322;0.18855887521968365;1.1870298769771526;0.09446397188049209;42.553514938488576;0.998523725834798;0.3701230228471002;0.0;0.001700878734622144;21302.847100175746;0.07407732864674868;1.192970123022847;98.88576449912127;43.472759226713535;24895.611862917398;9778.171775043937;2597.3308611599296;5.104868189806679;127.62309314586993;0.9574692442882249;23.96286467486819;0.22919156414762745;1.689261862917399;0.13304042179261863;1.2329525483304042;0.08922671353251317;12.112108963093146;0.9952372583479788;0.4008260105448154;3.1634446397188048e-06;0.0010302284710017573;24707.978910369067;0.8814938488576449;0.0053427065026362035;98.84182776801406;31.746924428822496;11800.265500878735;7012.0442706502645;2597.3308611599296;3.3775219683655533;84.43349736379614;0.4560456942003515;11.357961335676626;15.885940246045692;15.809543057996487;0.008963093145869946;68.29539543057997;0.0;100.0;0.0;0.0;0.0;0.0;10.970773286467487;13.748945518453427;0.016115992970123026;75.2639718804921;0.0;100.0;0.0;0.0;0.0;0.0;57.661599297012295;53.10871704745167;4.5786115992970124;4.551616871704745;10152.275957820737;8573.22898066784;3.0;3.0;3.3783479789103685;2.8462917398945518;1.1880667838312828;1.1888400702987694;0.0003339191564147627;15.549806678383128;1.0;0.13014059753954307;0.0;0.0017817223198594021;3387.768014059754;99.85028119507908;0.14971880492091388;0.0;0.0;0.0;45.53251318101933;8776.162618629174;3083.2207732864676;2597.3308611599296;5.693145869947276;142.32214411247801;6.757926186291739;168.94576449912128;;1.0;1.0;3.0;1183351.0843585238;1183351.1195079086;335739901.34446394;335739900.4481546;335739900.5817223;0.0;0.0;0.0;0.0;147.6555360281195;0.0;83720.68892794376;0.0;0.0;0.0;0.0;21197748.031634446;2262196.9876977154;590668.7346221441;36420816.13005272;18963625.27592267;133.4305799648506;1155776.2741652022;20196735.286467485;91781.24428822496;3197113.7644991213;8372026.597539543;16.92794376098418;18947.240773286467;111699.87346221441;13.233514938488577;584.6763796133567;61.08047451669596;609.7008611599297;74.31395430579964;1194.3772407732863;104923.70826010544;1268.691546572935;441.36305799648505;3.5231985940246044;441.2793321616872;3.851634446397188;882.6427065026361;7.374376098418279;54308.15289982425;890.017223198594;956.9565729349737;1201.752108963093;2158.70848857645
1024B-4096;9914.573628123318;2922.755190967175;14207.629870466322;0.5682383419689119;2.9151295336787566;0.19471502590673573;1.177720207253886;0.09575129533678757;13.734922279792746;0.9957685664939551;0.8059758203799656;0.0;0.0004860103626943005;18055.198618307426;0.7918134715025907;0.7676856649395509;98.82037996545769;41.4006908462867;29615.98360967185;10202.860483592402;2597.6692400690845;5.830120898100173;145.75188255613125;1.1407426597582038;28.50253886010363;0.22699481865284976;1.594006908462867;0.14286701208981004;1.2243350604490502;0.09709844559585493;12.105837651122627;0.9949740932642486;0.38321243523316056;3.1088082901554403e-06;0.001030224525043178;24146.528497409327;0.9003108808290154;0.005664939550949914;98.88601036269431;31.449050086355786;11688.640569948187;7360.224093264249;2597.6692400690845;3.1881001727115716;79.70309153713299;0.4487564766839379;11.249170984455958;16.64559585492228;16.045492227979274;0.013834196891191709;67.29423143350604;0.0;100.0;0.0;0.0;0.0;0.0;11.58530224525043;13.836528497409327;0.016390328151986183;74.56115716753023;0.0;100.0;0.0;0.0;0.0;0.0;58.56200345423144;53.38702936096718;4.52678756476684;4.535129533678757;18719.013316062177;37267.00177892919;3.0000172711571675;3.0;4.422314335060449;3.737944732297064;1.1844732297063902;1.1873920552677026;0.0002763385146804836;3.53713298791019;1.0;0.09521588946459413;0.0;0.00030051813471502586;280.3454231433506;99.7247322970639;0.2752677029360967;0.0;0.0;0.0;42.94991364421416;11487.407236614854;3072.830690846287;2597.6692400690845;7.476321243523316;186.9091537132988;8.844438687392056;221.11051813471502;;1.0;1.0;3.0;628692.7409326425;627589.9447322971;180314632.3523316;180314632.11571676;180314632.164076;0.0;0.0;0.0;0.0;732.8186528497409;0.0;422836.36269430054;0.0;0.0;0.0;0.0;6095367.658031088;731755.9896373057;687582.7253886011;9704450.67702936;9730500.784110535;168.02417962003454;105594.14162348877;20130394.037996545;91609.68911917099;3101066.1070811744;8352380.994818653;3.626943005181347;18928.53195164076;111450.0829015544;168.97341968911917;274.2153540587219;625.7618480138169;494.6121243523316;794.7351122625216;768.8276683937823;106853.54231433506;1563.5627979274614;449.79742659758205;2.1285319516407597;451.39188255613124;5.463488773747842;901.1892400690847;7.592245250431779;54245.16062176166;908.7816925734026;1695.9247841105353;776.4200863557859;2472.344421416235
1024B-512;9958.959414452454;8331.940248807563;4796.679062166963;0.5221847246891652;2.7458792184724685;0.19218472468916517;1.1854529307282415;0.09950266429840143;28.199378330373;0.9980817051509768;0.6642095914742451;0.0;0.001052575488454707;19801.63410301954;0.5692539964476021;1.219005328596803;98.90230905861456;43.847246891651864;27100.554245115454;9885.182309058613;2597.3924156305507;5.491811722912966;137.29252220248668;1.043676731793961;26.084458259325043;0.22944937833037302;1.6615985790408523;0.13433392539964478;1.2268383658969806;0.10143872113676733;12.377193605683837;0.9949200710479573;0.4120781527531084;4.9733570159857915e-06;0.0010325044404973355;23565.89698046181;0.9035346358792183;0.006234458259325045;98.87033747779752;31.346358792184724;11783.905914742452;7105.8525932504435;2597.3924156305507;3.3236412078152755;83.08747779751332;0.4525932504440498;11.342042628774422;16.08479573712256;15.968916518650088;0.011847246891651866;67.93403197158082;0.0;100.0;0.0;0.0;0.0;0.0;11.134422735346359;13.72170515097691;0.018348134991119005;75.12527531083481;0.0;100.0;0.0;0.0;0.0;0.0;57.74204262877443;53.22694493783304;4.594351687388987;4.551687388987567;71663.5591651865;58610.2091651865;3.0;3.0;4.079591474245115;3.443285968028419;1.1865186500888096;1.1883658969804616;0.0002841918294849023;7.7862522202486675;1.0;0.1300177619893428;0.0;0.0007442273534635878;934.3516873889876;99.77705150976908;0.22294849023090582;0.0;0.0;0.0;45.756660746003554;10596.97595026643;3077.807104795737;2597.3924156305507;6.885896980461812;172.15275310834812;8.159946714031971;203.99312611012434;;1.0;1.0;3.0;1165890.946714032;1165891.1847246892;325100439.64298403;325100439.3339254;325100439.41207814;0.0;0.0;0.0;0.0;716.4014209591475;0.0;401901.1971580817;0.0;0.0;0.0;0.0;17531048.642984014;1940310.728241563;691449.1332149201;20712311.065719362;17870373.904085256;150.3943161634103;425092.07104795735;20235525.424511544;92107.81527531083;3360886.948490231;8331767.381882771;11.563055062166963;19025.005328596802;112060.05328596802;116.5927708703375;522.9585790408527;453.2530728241563;697.3421669626998;569.8457371225578;1220.300301953819;2133189524.188277;1790.1463410301953;453.7184902309059;4.925346358792185;450.6465541740675;3.1939431616341025;904.3652042628775;8.11918294849023;2133189179.0195382;912.4845293072825;1474.2112966252218;1228.4196980461813;2702.6309413854356
128B-1024;9542.024667998861;9443.117586507926;92.34107890222985;0.3106689536878216;1.6499485420240139;0.18600343053173238;1.186672384219554;0.08334476843910807;144.13198970840483;0.9999656946826758;0.32286449399656947;0.0;0.009031903945111492;16335.437392795884;0.12644939965694682;0.1378559176672384;95.47512864493997;44.44768439108062;15979.590703259004;9692.224065180102;2597.3621440823326;3.299622641509434;82.4946998284734;0.6139279588336193;15.380463121783876;0.17998284734133788;1.3479073756432245;0.13180102915951974;1.2338250428816466;0.10447684391080618;54.92813036020583;0.9990222984562608;0.42065180102915956;8.74785591766724e-06;0.005850600343053173;22297.015437392794;0.13190394511149228;0.005969125214408233;97.69982847341338;32.25728987993139;9365.12295025729;6954.271852487136;2597.3621440823326;2.6964322469982847;67.40960548885077;0.3602915951972555;9.01401372212693;15.744905660377356;15.946312178387652;0.012058319039451116;68.29593481989708;0.0;100.0;0.0;0.0;0.0;0.0;10.874785591766726;13.801029159519725;0.01797598627787307;75.30584905660378;0.0;100.0;0.0;0.0;0.0;0.0;56.11164665523156;52.492384219554026;4.164579759862779;4.343722126929674;7986.204665523157;8901.1020754717;3.0;3.0;2.1061749571183537;1.7759005145797597;1.187255574614065;1.188576329331046;0.0005831903945111491;31.708627787307027;1.0;0.057015437392795874;0.0;0.005863636363636363;616.1921097770154;99.80238421955403;0.1976157804459691;0.0;0.0;0.0;46.56775300171527;5470.578164665523;3080.5375300171527;2597.3621440823326;3.5518353344768445;88.79430531732419;4.2122469982847335;105.31017152658663;;1.0;1.0;3.0;8026146.674099485;8026143.838765008;2325633044.737564;2325633027.2658663;2325633029.0240135;0.0;0.0;0.0;0.0;4321.349914236706;0.0;2515025.650085763;0.0;0.0;0.0;0.0;23895998.09605489;13697359.934819898;670908.2881646656;99069020.21269296;8239045.457975986;158.3704974271012;1205690.7821612349;21000777.660377357;570347.512864494;3319924.7238421957;45999890.0754717;1.032590051457976;127608.27101200687;606705.8490566037;29.234271012006865;48.75960548885077;97.5615437392796;89.41214408233279;126.79586620926241;138.17180102915952;52439.71869639794;264.9677015437393;65.92072041166381;2.3163636363636364;66.121217838765;5.658627787307032;132.04200686106347;7.9749399656946816;52446.463121783876;140.01725557461407;258.83787307032594;146.14670668953687;404.9849571183533
128B-256;9489.13930281653;9355.605940615995;466.5770879120879;0.3494505494505495;1.8598534798534798;0.18728937728937725;1.1868315018315017;0.09346153846153846;130.54276556776557;0.9997619047619047;0.4093772893772894;0.0;0.007224358974358976;17877.362637362636;0.13283882783882783;0.13642857142857143;95.6117216117216;43.54578754578755;18073.83826007326;9731.376959706959;2597.29510989011;3.719725274725275;93.00018315018316;0.6965750915750917;17.39657509157509;0.17998168498168496;1.3491758241758243;0.13227106227106228;1.234120879120879;0.10173992673992674;54.74131868131869;0.9989926739926741;0.4133150183150183;6.959706959706961e-06;0.0058260073260073255;23424.542124542124;0.13168498168498166;0.006025641025641026;97.53113553113553;25.939560439560438;9400.758333333333;6981.527051282052;2597.29510989011;2.698406593406594;67.46208791208792;0.36014652014652004;9.048589743589742;15.812087912087911;15.937087912087911;0.01346153846153846;68.23703296703296;0.0;100.0;0.0;0.0;0.0;0.0;10.916190476190476;13.71043956043956;0.015164835164835166;75.35763736263736;0.0;100.0;0.0;0.0;0.0;0.0;56.846996336996334;53.40608058608059;4.165109890109891;4.37018315018315;9318.24490842491;10331.44293040293;3.0;3.0;2.114120879120879;1.7826556776556775;1.1877106227106224;1.1886630036630033;0.0007692307692307693;34.3171978021978;1.0;0.07628205128205127;0.0;0.006324542124542124;595.8974358974359;99.79765567765568;0.2023443223443223;0.0;0.0;0.0;45.76739926739927;5490.965183150183;3080.4454761904763;2597.29510989011;3.5650366300366305;89.1313553113553;4.228113553113554;105.70516483516482;;1.0;1.0;3.0;7982035.087912088;7982029.417582418;2158133739.058608;2158125740.113553;2158125741.7673993;0.0;0.0;0.0;0.0;761.0714285714286;0.0;414022.85714285716;0.0;0.0;0.0;0.0;23956826.564102564;13952035.82051282;674434.3846153846;85779344.12820514;8227816.948717949;131.15384615384616;1527049.6153846155;20913528.82051282;567337.358974359;3331574.487179487;46577456.84615385;0.8974358974358975;127339.20512820513;614611.1282051282;26.269267399267395;43.87529304029304;106.84089743589742;92.97767399267399;133.11021978021978;136.85258241758243;2133288570.4981685;269.9630769230769;70.5184065934066;5.567399267399267;61.4935347985348;2.1968315018315017;132.01175824175823;7.764029304029304;2133287842.5860806;139.77562271062268;265.12188644688644;144.61661172161172;409.7384065934066
128B-4096;9451.996551514952;9416.646259630052;60.09906849315068;0.3400684931506849;1.8399999999999999;0.18628424657534243;1.1879965753424655;0.07679794520547947;152.5435102739726;0.9999828767123288;0.3195719178082192;0.0;0.00856472602739726;16507.602739726026;0.07955479452054794;0.07476027397260275;92.01541095890411;42.49657534246575;17813.67352739726;9688.176249999999;2597.3032534246577;3.6799828767123284;91.99758561643836;0.6870205479452054;17.146301369863014;0.17979452054794515;1.3351027397260273;0.13171232876712333;1.2342808219178083;0.10083904109589042;54.66291095890411;0.9989383561643838;0.42078767123287675;7.020547945205479e-06;0.005913698630136987;23066.84931506849;0.14340753424657535;0.006061643835616438;98.01027397260275;30.883561643835616;9269.798510273973;6950.791541095891;2597.3032534246577;2.6696746575342467;66.7401883561644;0.3587328767123287;8.922328767123286;15.730513698630139;15.789554794520546;0.00910958904109589;68.47054794520548;0.0;100.0;0.0;0.0;0.0;0.0;10.863339041095891;13.695976027397261;0.01339041095890411;75.42717465753425;0.0;100.0;0.0;0.0;0.0;0.0;56.89628424657534;52.64198630136986;4.132671232876713;4.351832191780821;7898.7183390410955;7143.767123287672;3.0;3.0;2.089794520547945;1.7610445205479452;1.1883904109589039;1.1891095890410956;0.0003595890410958904;33.61397260273972;1.0;0.05613013698630137;0.0;0.006238698630136986;568.4931506849315;99.80664383561644;0.19335616438356162;0.0;0.0;0.0;44.907534246575345;5428.265547945206;3082.137174657534;2597.3032534246577;3.5222602739726026;88.06131849315068;4.179982876712329;104.49796232876712;;1.0;1.0;3.0;7964311.94520548;7964307.142123288;2314417495.3253427;2314417478.6849313;2314417480.8339043;0.0;0.0;0.0;0.0;2464.304794520548;0.0;1436689.6952054794;0.0;0.0;0.0;0.0;24326086.174657535;14363689.45890411;685602.7260273972;106828975.24657534;8095862.51369863;137.19520547945206;1568272.4726027397;20783330.438356165;562589.5205479452;3354064.9828767125;45555780.21917808;1.0308219178082192;126831.03424657535;591460.9726027397;18.141660958904108;24.347397260273972;61.17986301369863;50.29827054794521;79.32152397260273;74.64580479452054;75611.04794520549;153.96727739726026;70.78224315068493;2.3048458904109594;72.51361301369863;5.642345890410959;143.29623287671234;7.947037671232878;52452.0;151.2428595890411;222.61777397260275;82.59258561643836;305.21030821917805
128B-512;9584.475281787856;9569.365387514636;64.67987500000001;0.11011986301369864;1.793441780821918;0.061301369863013704;1.1783047945205478;0.03825342465753425;51.06051369863013;0.9999315068493151;0.34450342465753425;1.7123287671232878e-07;0.00867808219178082;17129.45205479452;0.029520547945205484;0.2033904109589041;95.16609589041096;41.88184931506849;5884.745856164383;3286.9223972602745;2597.389965753425;3.5872089041095894;89.67816780821919;0.2291952054794521;5.664041095890411;0.06000000000000001;1.3118150684931507;0.04559931506849314;1.2179965753424657;0.0504109589041096;18.501866438356164;0.9988527397260275;0.41996575342465753;8.219178082191782e-06;0.005947602739726027;23616.23287671233;0.16371575342465755;0.012482876712328766;97.18493150684931;30.232876712328768;3111.014434931507;2376.94625;2597.389965753425;2.6236130136986304;65.58573630136986;0.11988013698630137;2.994332191780822;5.36931506849315;31.36650684931507;0.048047945205479455;63.21565068493151;0.0;100.0;0.0;0.0;0.0;0.0;3.7519349315068493;26.330085616438357;0.16436643835616438;69.75356164383562;0.0;100.0;0.0;0.0;0.0;0.0;58.1760616438356;53.783287671232884;4.184109589041095;4.372842465753425;169172.0198458904;1412356.7669006847;3.0;3.0;0.6490582191780823;1.6614726027397262;0.3898972602739727;1.181044520547945;0.00010273972602739727;12.240222602739726;1.0;0.06404109589041097;0.0;0.007261301369863013;787.8767123287671;33.03142123287672;66.96857876712328;0.0;0.0;0.0;44.147260273972606;1686.4575856164383;1015.0173116438353;2597.389965753425;3.3231849315068493;83.07657534246576;1.2985616438356165;32.46431506849314;;1.0;1.0;3.0;7866000.359589041;7865998.335616439;2286573093.6643834;2286573079.847603;2286573081.64726;0.0;0.0;0.0;0.0;2510.974315068493;0.0;1463898.0256849315;0.0;0.0;0.0;0.0;;;;;;;;1.4804427029271508e+16;7591148779751072.0;2.051297090829425e+16;2.0965065989635332e+16;2624850562152406.5;4784110650143029.0;5425140990849161.0;5.298099315068494;96.59695205479453;24.831232876712328;106.99051369863014;30.129349315068495;203.58731164383565;104881.87328767123;233.7165582191781;86.67952054794522;6.47792808219178;77.0998287671233;3.0986301369863014;163.77909246575342;9.5761301369863;52466.72260273973;173.35549657534247;193.90837328767125;213.16363013698628;407.0723287671233
f1510B-1024;9966.692839622941;3937.302812438557;10729.07503938356;0.5579109589041097;2.904914383561644;0.19455479452054794;1.1819863013698628;0.09960616438356165;14.739006849315068;0.9957191780821918;0.7684246575342466;0.0;0.0005092465753424657;20966.64383561644;0.7147773972602739;0.9798458904109589;98.82705479452055;41.90068493150685;29071.59424657534;10061.878493150685;2597.617311643836;5.810051369863014;145.25082191780822;1.1198287671232876;27.97917808219178;0.22905821917808222;1.6416438356164382;0.1430993150684932;1.2244863013698633;0.10784246575342467;9.966506849315069;0.9915410958904108;0.4122431506849315;4.109589041095891e-06;0.0008344178082191782;24569.04109589041;1.0074486301369863;0.007722602739726027;98.875;29.402397260273972;11867.404897260274;7274.5712842465755;2597.617311643836;3.2829794520547946;82.07873287671232;0.45763698630136984;11.421455479452055;16.39690068493151;16.07902397260274;0.010325342465753427;67.51332191780821;0.0;100.0;0.0;0.0;0.0;0.0;11.436712328767124;13.922962328767124;0.016797945205479455;74.62291095890411;0.0;100.0;0.0;0.0;0.0;0.0;58.25008561643836;53.55791095890411;4.562945205479452;4.547808219178083;24681.421643835612;20033.038715753424;3.0000171232876713;3.0;4.348972602739726;3.6726198630136984;1.1857705479452052;1.1877226027397259;0.00029109589041095894;4.14513698630137;1.0;0.15078767123287673;0.0;0.0003946917808219179;846.3698630136986;99.7667294520548;0.23327054794520546;0.0;0.0;0.0;43.34931506849315;11296.545924657536;3075.8218493150684;2597.617311643836;7.344914383561644;183.623904109589;8.697825342465755;217.4416609589041;;1.0;1.0;3.0;542802.7671232877;542802.9811643836;157677758.24657536;157677757.81164384;157677757.8989726;0.0;0.0;0.0;0.0;40.76027397260274;0.0;23763.239726027397;0.0;0.0;0.0;0.0;8246180.681506849;1122408.9828767122;649405.2705479452;10805669.023972603;12418169.58219178;210.43150684931507;155865.6198630137;20167103.70547945;62330.99657534246;3323791.205479452;6154394.078767124;6.616438356164384;12895.462328767124;75758.29109589041;144.25731164383564;387.9849315068493;571.0098287671233;592.697551369863;715.2670547945206;980.6823630136986;91633.10787671233;1695.9498116438356;505.93837328767125;5.8919863013698635;502.3977739726028;2.5199657534246573;1008.3359760273972;8.411883561643835;54867.33219178082;1016.7478082191781;1723.6032705479454;989.0939726027398;2712.6975
1510B-256;9972.626526965645;9870.314725119384;2477.8201265164644;0.49941074523396883;2.6715077989601386;0.19124783362218367;1.1854246100519927;0.09681109185441943;29.091906412478334;0.9985788561525131;0.3810051993067591;0.0;0.0011098786828422878;22580.866551126517;0.2166897746967071;1.2848873483535528;98.8890814558059;42.89428076256499;26014.321681109184;9748.297798960139;2597.373171577123;5.343188908145581;133.58135181975737;0.999688041594454;25.039029462738302;0.23006932409012132;1.7097920277296363;0.1324263431542461;1.2290814558058927;0.11863084922010401;10.043570190641248;0.9887521663778163;0.42336221837088384;6.585788561525131e-06;0.0008310225303292895;25232.65164644714;1.0017677642980936;0.008648180242634316;98.87521663778163;30.428076256499132;11959.275129982669;7002.968318890814;2597.373171577123;3.4204506065857885;85.5121663778163;0.4601906412478336;11.510935875216637;15.850034662045063;16.06781629116118;0.011542461005199307;68.07006932409013;0.0;100.0;0.0;0.0;0.0;0.0;10.961178509532061;13.827677642980937;0.02124783362218371;75.1892547660312;0.0;100.0;0.0;0.0;0.0;0.0;57.526221837088386;53.267469670710575;4.588648180242633;4.544956672443673;58848.364003466195;34390.55717504333;3.0;3.0;3.9158058925476604;3.3059272097053722;1.1865511265164643;1.188648180242634;0.0003119584055459272;10.588266897746967;1.0;0.13421143847487005;0.0;0.0010175043327556327;2957.0883882149046;99.75977469670711;0.24022530329289427;0.0;0.0;0.0;44.52512998266898;10170.621265164646;3077.4038128249567;2597.373171577123;6.609688041594454;165.24585788561527;7.831577123050261;195.786863084922;;1.0;1.0;3.0;807808.6256499133;807808.6239168111;232207634.23570192;232207609.8492201;232207609.90641248;0.0;0.0;0.0;0.0;528.7157712305026;0.0;304540.2842287695;0.0;0.0;0.0;0.0;2.2742397600403324e+16;12865580.291161178;2.97153669544225e+16;3.004318529780286e+16;5224604855576568.0;3182626.45407279;2499614871555092.0;1.9471043711376764e+16;1.1459982934739734e+16;3.020709446795469e+16;2.4620523526575292e+16;8349973.705372617;2588399008584641.0;2424489834197904.0;45.715233968804164;606.350225303293;171.0136568457539;679.8528596187175;216.72922010398617;1286.2035008665512;95219.39341421144;1502.9324436741767;503.3778856152514;6.123448873483536;499.3298440207971;2.7391854419410744;1002.7079202772964;8.862911611785094;54633.648180242635;1011.5706585788562;1219.43705372617;1295.0665684575388;2514.5032755632583
1510B-4096;9955.893248932327;2570.546383452905;14960.59114089347;0.5723195876288659;2.9468900343642614;0.19340206185567005;1.1782817869415807;0.089553264604811;10.817508591065293;0.9942268041237116;0.8192611683848798;0.0;0.00038573883161512035;20037.938144329895;0.7739003436426118;0.758316151202749;98.80927835051547;41.09450171821306;29711.36603092784;10110.956323024055;2597.563951890034;5.894123711340207;147.34649484536084;1.1436254295532646;28.595532646048106;0.22963917525773203;1.6267182130584192;0.1423367697594502;1.225343642611684;0.10096219931271479;9.962491408934708;0.992577319587629;0.40573883161512025;3.951890034364261e-06;0.0008302405498281789;23982.542955326462;0.9931958762886599;0.006013745704467354;98.91065292096219;30.056701030927837;11873.372989690723;7319.174295532647;2597.563951890034;3.2541752577319585;81.3477147766323;0.45848797250859114;11.427646048109967;16.48529209621993;16.03709621993127;0.00879725085910653;67.4683676975945;0.0;100.0;0.0;0.0;0.0;0.0;11.510446735395188;13.773264604810999;0.018006872852233676;74.69800687285225;0.0;100.0;0.0;0.0;0.0;0.0;58.66563573883162;53.50762886597938;4.497319587628866;4.533092783505154;21414.383608247423;24556.736666666664;3.000017182130584;3.000017182130584;4.453883161512027;3.7630240549828176;1.18520618556701;1.187972508591065;0.00032646048109965636;3.019742268041237;1.0;0.13501718213058422;0.0;0.0002970790378006873;604.192439862543;99.73790378006872;0.2620962199312715;0.0;0.0;0.0;42.49312714776632;11568.971958762886;3074.1502233676974;2597.563951890034;7.526391752577319;188.1592611683849;8.907525773195877;222.68962199312713;;1.0;1.0;3.0;390506.1975945017;390506.3402061856;113670308.685567;113670308.52061856;113670308.57560137;0.0;0.0;0.0;0.0;515.5910652920962;0.0;299558.4089347079;0.0;0.0;0.0;0.0;5396080.065292096;800540.5670103093;705640.6288659794;7995857.501718213;8940770.206185566;189.4570446735395;102048.38144329897;20119064.52920962;62311.52233676976;3338490.491408935;6240762.24742268;7.1924398625429555;12891.041237113403;75700.9587628866;159.4950171821306;270.5728694158076;616.6865120274914;487.7587628865979;776.1810824742269;758.3315463917526;107223.1941580756;1534.5129209621994;499.32269759450173;5.6976288659793815;495.01453608247425;2.321924398625429;994.337817869416;8.019570446735393;54848.455326460484;1002.3571305841924;1770.518711340206;766.3511855670104;2536.869759450172
1510B-512;9968.445599974484;3985.955486134424;10036.524324232081;0.5581911262798636;2.9265870307167234;0.19269624573378838;1.1821672354948805;0.09401023890784983;15.03651877133106;0.9964846416382254;0.7633276450511944;0.0;0.0005093856655290103;20675.494880546074;0.7090955631399317;0.9786006825938567;98.86518771331058;42.84982935153584;29104.583515358365;9969.594641638225;2597.438327645051;5.852679180887372;146.319590443686;1.1210750853242322;28.012764505119453;0.2296245733788396;1.6556655290102387;0.14172354948805466;1.2260580204778158;0.1023037542662116;10.025767918088738;0.9927986348122867;0.40486348122866894;4.4368600682593854e-06;0.0008317406143344711;23866.348122866893;0.9973208191126279;0.006313993174061434;98.90273037542661;31.5580204778157;11871.496126279864;7189.1028327645045;2597.438327645051;3.3111945392491466;82.78064846416382;0.4583105802047782;11.426058020477816;16.236911262798632;16.03957337883959;0.01733788395904437;67.70556313993175;0.0;100.0;0.0;0.0;0.0;0.0;11.28254266211604;13.769505119453925;0.02017064846416382;74.92735494880546;0.0;100.0;0.0;0.0;0.0;0.0;58.12627986348123;53.30549488054608;4.5670819112627985;4.518327645051194;11674.476450511946;12947.95076791809;3.0;3.0;4.350426621160409;3.6737713310580213;1.1860068259385663;1.1880204778156993;0.0002901023890784983;4.272627986348123;1.0;0.14993174061433445;0.0;0.0003977815699658704;760.0682593856656;99.74882252559726;0.25117747440273036;0.0;0.0;0.0;44.467576791808874;11299.603549488054;3075.6104607508532;2597.438327645051;7.347713310580205;183.69278156996586;8.700563139931742;217.514590443686;;1.0;1.0;3.0;547462.5238907849;547462.9163822526;159712609.93686005;159712609.79863483;159712609.82423207;0.0;0.0;0.0;0.0;68.96757679180887;0.0;40346.03242320819;0.0;0.0;0.0;0.0;8351848.863481228;1134354.3720136518;681934.1467576792;11004350.549488055;12489948.699658703;149.6518771331058;158208.88737201365;20160620.873720136;62348.0204778157;3334162.6416382254;6309221.5324232085;9.341296928327646;12898.587030716724;75803.81228668943;142.00295221843004;387.4587372013652;568.0206313993174;592.2913139931741;710.0239078498294;979.7499488054607;106482.86177474403;1689.7737201365187;497.98986348122855;2.4103924914675767;500.63697952218433;5.75320819112628;998.6271843003414;8.164078498293515;54630.9180887372;1006.7911092150172;1708.650938566553;987.9139931740614;2696.564829351536
256B-1024;9912.835258860421;9760.029789258033;625.6803363309352;0.40093525179856115;2.1289928057553955;0.19188848920863305;1.1859892086330932;0.0925539568345324;83.79742805755394;0.9996762589928057;0.45143884892086333;0.0;0.00402320143884892;17350.93525179856;0.570701438848921;0.7862410071942446;98.80755395683454;44.46582733812949;20833.162140287775;9799.505971223021;2597.403615107914;4.258345323741008;106.45794964028777;0.8020863309352518;20.051960431654674;0.199910071942446;1.4906654676258992;0.13264388489208634;1.2291187050359713;0.1016546762589928;33.25892086330935;0.9982553956834532;0.42053956834532374;6.115107913669065e-06;0.0031696043165467627;23445.251798561152;0.4974640287769785;0.0060431654676258995;98.77877697841727;32.134892086330936;10465.440917266185;7036.374550359712;2597.403615107914;2.9809712230215824;74.52124100719423;0.40012589928057546;10.072985611510791;15.934928057553956;16.000791366906473;0.010341726618705036;68.05361510791367;0.0;100.0;0.0;0.0;0.0;0.0;11.014586330935252;13.762607913669063;0.016205035971223025;75.20611510791367;0.0;100.0;0.0;0.0;0.0;0.0;56.5471582733813;52.98091726618705;4.586007194244604;4.547895683453238;6660.349496402879;6220.755251798561;3.0;3.0;3.1464388489208632;2.654406474820144;1.1866906474820142;1.1884712230215826;0.000341726618705036;18.779514388489208;1.0;0.08697841726618703;0.0;0.0023;455.75539568345323;99.78519784172661;0.21469424460431652;0.0;0.00010791366906474819;0.0;46.131294964028775;8172.648723021582;3078.6395143884893;2597.403615107914;5.309226618705036;132.73176258992805;6.292985611510791;157.32325539568347;;1.0;0.9982014388489209;2.9946043165467624;4439699.356115108;4439700.120503597;1225050247.3956835;1225050244.3309352;1225050244.6582735;0.0;0.0;0.0;0.0;137.9046762589928;0.0;76399.19064748201;0.0;0.0;0.0;0.0;21610812.118705034;6552814.089928058;690890.3561151079;57822584.13309353;14230584.834532375;159.74100719424462;888067.7158273382;22371983.5323741;346636.3237410072;3325719.8165467624;27040236.320143886;3.776978417266187;71354.8273381295;398212.3237410072;129.2146582733813;307.0838309352518;442.22426258992806;479.84455035971223;571.4388489208633;786.928381294964;52498.375899280574;1358.3670143884892;246.99196043165466;2.24181654676259;251.00947841726617;5.579712230215827;498.0016726618705;7.821546762589928;52638.92985611511;505.8224460431654;1069.4401798561148;794.7496223021583;1864.1896043165468
256B-256;9919.7498332687;9781.762372306504;479.37999828473414;0.4051286449399657;2.1527787307032584;0.1915437392795883;1.1869125214408232;0.09910806174957118;75.4385077186964;0.9992967409948541;0.42;0.0;0.0035921097770154372;17398.76500857633;0.5543053173241852;0.747221269296741;98.80102915951973;42.84734133790737;21022.400874785595;9778.600377358489;2597.4115780445973;4.30548885077187;107.63939965694684;0.8092967409948542;20.234065180102913;0.19989708404802742;1.4939622641509431;0.13253859348198974;1.2332933104631219;0.0991080617495712;33.07516295025729;0.9981989708404804;0.4108233276157805;5.48885077186964e-06;0.003156775300171526;22805.831903945113;0.5018696397941681;0.0056603773584905665;98.75471698113208;31.986277873070325;10430.331835334478;6994.42998284734;2597.4115780445973;2.988181818181818;74.7064665523156;0.39989708404802743;10.039005145797598;15.89106346483705;15.882298456260719;0.008490566037735849;68.21763293310462;0.0;100.0;0.0;0.0;0.0;0.0;10.941012006861065;13.777015437392796;0.012126929674099484;75.2691423670669;0.0;100.0;0.0;0.0;0.0;0.0;56.59301886792452;52.870343053173244;4.569639794168096;4.5540308747855915;293761.5605660378;8696.664288164666;3.0;3.0;3.1627958833619214;2.6673584905660372;1.1877358490566037;1.188559176672384;0.0003259005145797599;19.759982847341337;1.0;0.1069468267581475;0.0;0.0024118353344768436;469.09090909090907;99.78857632933104;0.2113379073756432;0.0;0.00010291595197255574;0.0;44.36535162950257;8214.906003430531;3079.9591252144082;2597.4115780445973;5.334459691252143;133.36078902229846;6.325420240137221;158.13648370497427;;1.0;1.0;3.0;4459671.915951973;4459672.468267581;1294220585.7084048;1294220582.5866208;1294220582.9262435;0.0;0.0;0.0;0.0;2104.1132075471696;0.0;1224593.8867924528;0.0;0.0;0.0;0.0;21770350.79245283;6812840.075471698;656178.5591766724;49287028.02401372;14146580.79245283;143.21783876500857;943249.0874785592;22310326.229845624;345773.20068610634;3134659.962264151;26983205.550600342;3.169811320754717;71157.3653516295;397261.04631217837;125.37730703259005;289.50588336192106;429.4331046312178;458.4446483704974;554.8105317324186;747.9509262435678;52489.27272727273;1302.7613550600342;250.6140823327616;4.554219554030875;251.8130703259005;3.2803602058319044;502.4269468267582;7.834682675814751;52583.730703259;510.2614408233277;1057.2374957118354;755.7856260720412;1813.022881646655
256B-4096;9909.510024636706;9660.573868217365;895.0075565068494;0.3983390410958904;2.114315068493151;0.1915753424657534;1.1866780821917806;0.08691780821917809;85.40176369863013;0.9996917808219179;0.4348287671232878;0.0;0.004132020547945206;16248.013698630137;0.5325171232876712;0.6589726027397261;98.7722602739726;42.56335616438356;20726.43546232877;9812.80537671233;2597.4186815068488;4.228630136986301;105.71323630136986;0.7982705479452056;19.94900684931507;0.19996575342465753;1.487654109589041;0.133013698630137;1.227482876712329;0.10214041095890412;33.23873287671233;0.9981849315068494;0.4208047945205479;7.1917808219178094e-06;0.003155993150684931;23216.64383561644;0.4967294520547946;0.006232876712328767;98.76883561643835;30.851027397260275;10484.144503424659;7058.272431506849;2597.4186815068488;2.975873287671233;74.39577054794522;0.4012842465753424;10.090993150684932;15.9498801369863;15.821780821917809;0.009811643835616437;68.21833904109589;0.0;100.0;0.0;0.0;0.0;0.0;11.051592465753425;13.725804794520549;0.013339041095890413;75.2086815068493;0.0;100.0;0.0;0.0;0.0;0.0;56.60340753424657;53.05085616438355;4.545650684931506;4.543167808219178;19798.073681506852;22873.91068493151;3.0;3.0;3.1720205479452055;2.6746746575342466;1.187739726027397;1.1887499999999998;0.00029109589041095894;18.560068493150684;1.0;0.07666095890410958;0.0;0.0022640410958904107;402.1917808219178;99.79107876712328;0.20868150684931505;0.0;0.000273972602739726;0.0;44.75171232876713;8238.695924657533;3080.299845890411;2597.4186815068488;5.3493150684931505;133.73494863013698;6.343835616438357;158.59371575342465;;1.0;1.0;3.0;4389610.1147260275;4389610.428082191;1259558909.2517123;1259558906.57363;1259558906.92637;0.0;0.0;0.0;0.0;2564.696917808219;0.0;1495218.3030821919;0.0;0.0;0.0;0.0;21658228.65068493;6618880.9965753425;677247.0273972603;59761521.70205479;13872534.339041095;194.96917808219177;881417.3698630137;22257438.0;344787.0376712329;3287947.3938356163;26889961.815068495;3.0924657534246576;70965.66438356164;396071.7705479452;115.12883561643834;244.06049657534248;417.86844178082197;415.477602739726;532.9970890410958;659.5379623287671;2133209285.1643836;1192.5351712328768;247.61878424657533;2.35652397260274;249.3867979452055;5.685256849315069;497.0052226027398;8.041866438356164;2133209167.2243152;505.0474315068493;1030.0029280821918;667.5799143835616;1697.5823801369863
256B-512;9923.514937132382;9908.925043788424;205.6383165467626;0.3600359712230215;1.9281115107913664;0.18859712230215825;1.1882374100719422;0.09805755395683452;118.01579136690647;0.9997661870503599;0.3515287769784173;0.0;0.006319604316546762;17074.604316546764;0.04332733812949641;0.6830575539568344;98.75719424460432;43.014388489208635;18699.31974820144;9705.960143884891;2597.3221043165468;3.856061151079137;96.39706834532373;0.7200179856115106;17.998525179856117;0.20050359712230215;1.518884892086331;0.13183453237410073;1.2342805755395683;0.10426258992805758;32.67428057553957;0.998111510791367;0.40983812949640286;6.294964028776979e-06;0.0031161870503597115;24099.856115107912;0.48343525179856106;0.006258992805755396;98.73381294964028;29.471223021582734;10548.248381294963;6955.597877697842;2597.3221043165468;3.03658273381295;75.91071942446044;0.40771582733812956;10.153075539568345;15.760773381294964;15.783255395683453;0.00906474820143885;68.44660071942445;0.0;100.0;0.0;0.0;0.0;0.0;10.871241007194245;13.698525179856114;0.013615107913669065;75.41611510791367;0.0;100.0;0.0;0.0;0.0;0.0;57.30464028776978;53.123938848920865;4.416348920863309;4.538147482014389;9648.43070143885;7312.994586330936;3.0;3.0;2.2518525179856117;1.8981115107913666;1.1885611510791365;1.1890827338129495;0.003075539568345324;34.71983812949641;1.0;0.15834532374100718;0.0;0.005937230215827338;2680.071942446043;99.80267985611512;0.19719424460431653;0.0;0.00010791366906474819;0.0;45.09172661870504;5849.371133093525;3082.0163129496405;2597.3221043165468;3.7959712230215827;94.89758992805756;4.504208633093525;112.60356115107913;;0.9982014388489209;0.9982014388489209;2.9946043165467624;4414866.96942446;4414865.692446043;1221868951.5197842;1221868946.8866906;1221868947.4766188;0.0;0.0;0.0;0.0;143.431654676259;0.0;79461.13669064749;0.0;0.0;0.0;0.0;26107555.18705036;5637723.0;735958.6978417266;86340148.79856116;17754180.197841726;128.76978417266187;2063076.107913669;22071768.06115108;341990.6151079137;3300137.81294964;26594239.100719426;3.9280575539568345;70379.61151079136;394345.6798561151;7.78296762589928;334.5008633093525;35.05505395683453;349.3629856115108;42.83785971223021;683.8637589928057;104888.37050359712;726.7012410071943;243.98372302158276;5.742535971223021;240.11336330935256;2.36636690647482;484.0971402877698;8.10910071942446;52605.847122302155;492.2061151079136;526.9345143884891;691.9726978417265;1218.9074100719424
512B-1024;9934.253019196643;9875.284154321136;554.5714280639432;0.401278863232682;2.136269982238011;0.19156305506216692;1.1861101243339252;0.09198934280639433;60.47687388987566;0.9990586145648314;0.47344582593250434;0.0;0.0028840142095914742;17814.777975133216;0.40111900532859684;1.0774955595026643;98.87921847246892;42.99467140319716;20885.859644760214;9784.832255772646;2597.379218472469;4.272664298401422;106.81593250444048;0.8036412078152753;20.10271758436945;0.2196802841918295;1.6129662522202488;0.13253996447602132;1.2285968028419183;0.10575488454706929;19.539396092362345;0.9969094138543517;0.4116341030195382;6.039076376554175e-06;0.001730905861456483;23523.339253996448;0.633765541740675;0.006216696269982238;98.80461811722913;27.767317939609235;11315.338738898756;7029.187460035524;2597.379218472469;3.224884547069272;80.62213143872113;0.4374245115452931;10.891101243339254;15.907833037300179;15.95710479573712;0.009200710479573711;68.12536412078153;0.0;100.0;0.0;0.0;0.0;0.0;11.003285968028418;13.779982238010657;0.019129662522202485;75.19714031971581;0.0;100.0;0.0;0.0;0.0;0.0;56.66126110124333;53.631474245115456;4.58367673179396;4.574476021314387;22460.453410301958;85886.58019538189;3.0;3.0;3.275630550621669;2.763090586145648;1.187140319715808;1.1884014209591471;0.0003019538188277087;17.249147424511545;1.0;0.16817051509769093;0.0;0.0020371225577264654;2595.8081705150976;99.79090586145648;0.20909413854351686;0.0;0.0;0.0;44.64120781527531;8507.966376554175;3079.227140319716;2597.379218472469;5.526163410301954;138.15458259325044;6.551278863232682;163.77989342806396;;1.0;1.0;3.0;2323151.0941385436;2323151.0355239785;652242336.1190053;652242334.8063943;649919133.4689165;0.0;0.0;0.0;0.0;149.93783303730018;0.0;84115.1243339254;0.0;0.0;0.0;0.0;22574616.802841917;5123380.095914743;681393.4777975134;44491637.14387211;16349993.374777975;152.83126110124334;1115611.0124333925;20960493.6660746;180215.80817051508;3379072.326820604;14807558.792184725;9.22557726465364;37145.40674955595;218867.76909413855;92.59264653641209;474.32648312611013;308.9061101243339;604.4341207815276;401.4991474245116;1078.7607460035524;52475.01953818828;1480.2598579040853;317.27124333925406;2.4659325044404974;317.02865008880997;5.790746003552398;634.2998579040852;8.256767317939609;52784.616341030196;642.5567317939609;1035.7989342806395;1087.0177087033746;2122.816767317939
512B-256;9942.72626668225;9876.187750436497;3051.184297435898;0.4012136752136752;2.154444444444444;0.1904957264957265;1.1865128205128204;0.09020512820512823;59.00261538461538;0.9990085470085471;0.4024102564102564;0.0;0.0028001709401709405;19534.290598290598;0.32697435897435895;1.1144957264957265;98.8991452991453;43.5025641025641;20954.89818803419;9732.993418803419;2597.357606837607;4.308888888888889;107.72138461538461;0.8077264957264958;20.169452991452992;0.21962393162393165;1.6192991452991454;0.1322735042735043;1.2333675213675213;0.10256410256410257;19.612735042735043;0.996940170940171;0.42138461538461536;6.324786324786325e-06;0.0017307692307692306;24373.128205128207;0.6258632478632479;0.0061709401709401715;98.81025641025641;30.157264957264957;11286.653965811965;6977.761521367522;2597.357606837607;3.2391452991452994;80.9811452991453;0.43586324786324787;10.863504273504274;15.815333333333331;15.931247863247862;0.00894017094017094;68.24340170940171;0.0;100.0;0.0;0.0;0.0;0.0;10.91403418803419;13.787076923076922;0.017811965811965817;75.28063247863247;0.0;100.0;0.0;0.0;0.0;0.0;56.48815384615384;53.156;4.583025641025641;4.585709401709401;9721.351316239316;44530.5755897436;3.0;3.0;3.2591452991452985;2.748700854700855;1.1874188034188031;1.1887692307692306;0.00032478632478632476;19.42473504273504;1.0;0.1594017094017094;0.0;0.0022885470085470087;3451.6923076923076;99.79552136752135;0.2044786324786325;0.0;0.0;0.0;45.47692307692308;8465.731658119657;3080.068358974359;2597.357606837607;5.497162393162394;137.43010256410255;6.518700854700855;162.96818803418805;;1.0;1.0;3.0;2328404.902564103;2328404.3572649574;679422978.408547;679422976.7094017;679422977.0735043;0.0;0.0;0.0;0.0;0.0;0.0;0.0;0.0;0.0;0.0;0.0;22742722.32136752;5329618.741880341;632540.0068376069;43622256.89230769;16293635.45982906;152.22905982905982;1245555.3743589744;20910149.93846154;179723.69572649573;3333198.8068376067;14665952.526495727;5.528205128205128;37043.35384615385;218264.88205128204;78.44374358974359;503.4337435897436;249.39784615384613;612.3607350427351;327.8412478632479;1115.7944786324786;52461.02564102564;1443.6358461538462;313.5619316239316;2.4119316239316237;313.035264957265;5.772871794871795;626.5974017094018;8.184871794871796;52875.54188034188;634.7820854700855;954.43852991453;1123.979452991453;2078.418017094017
512B-4096;9907.170261860905;6894.765582348399;6608.103851851851;0.4949029982363316;2.5818165784832448;0.1932627865961199;1.185044091710758;0.09948853615520284;38.066860670194;0.9985714285714287;0.6225220458553792;0.0;0.0015;16621.30511463845;0.6673192239858906;0.8383950617283951;98.80070546737214;42.1005291005291;25692.05902998236;9982.84520282187;2597.499647266314;5.1633686067019395;129.0893298059965;0.9888536155202823;24.727707231040565;0.2186772486772487;1.5637566137566135;0.14128747795414465;1.2254320987654324;0.10299823633156968;19.851746031746032;0.9968959435626102;0.41072310405643747;5.291005291005291e-06;0.0017499118165784833;23292.980599647268;0.6269488536155203;0.006507936507936508;98.82010582010582;30.705467372134038;11221.73068783069;7207.764761904762;2597.499647266314;3.1273721340388008;78.18239858906526;0.4293827160493828;10.800670194003526;16.250599647266313;15.910687830687833;0.0062433862433862435;67.83183421516755;0.0;100.0;0.0;0.0;0.0;0.0;11.316613756613757;13.819682539682539;0.014691358024691358;74.84827160493828;0.0;100.0;0.0;0.0;0.0;0.0;57.61934744268077;53.292416225749555;4.568888888888889;4.584991181657848;15697.469029982365;15775.512380952383;3.000017636684303;3.0;3.9947442680776013;3.3710405643738977;1.1869135802469135;1.1882186948853612;0.00033509700176366844;9.026807760141095;1.0;0.09239858906525572;0.0;0.0008821869488536157;583.3509700176367;99.77564373897707;0.2243562610229277;0.0;0.0;0.0;44.026455026455025;10376.467901234568;3077.94455026455;2597.499647266314;6.742275132275132;168.55768959435625;7.989523809523809;199.74045855379188;;1.0;1.0;3.0;1856224.052910053;1856223.91005291;527850728.2010582;527850727.1181658;525994476.48500884;0.0;0.0;0.0;0.0;44.87301587301587;0.0;25353.25396825397;0.0;0.0;0.0;0.0;14438630.962962963;2369384.24691358;693834.1975308642;27018217.061728396;13726271.654320987;213.08641975308643;408547.4074074074;20915556.222222224;179865.23456790124;3557820.1975308643;14931025.777777778;3.9753086419753085;37072.246913580246;218235.40740740742;142.31932980599646;320.82405643738974;525.5123456790124;518.2562962962962;667.831975308642;839.0806172839506;105524.71428571429;1506.912204585538;313.0735802469136;2.348412698412699;314.62982363315695;5.69721340388007;627.7034215167548;8.045608465608465;52826.56261022927;635.7492063492064;1295.5351499118165;847.1261375661375;2142.6613932980604
f512B-512;9925.406229510994;9847.362156587484;520.5265188509874;0.402064631956912;2.130592459605027;0.19339317773788148;1.1867863554757627;0.10179533213644525;59.53267504488331;0.9990305206463196;0.48737881508079;0.0;0.002835547576301616;18139.245960502692;0.4122262118491921;1.0982764811490127;98.8330341113106;43.68581687612208;20998.85035906643;9886.376463195691;2597.399263913824;4.261651705565529;106.53461400359066;0.8098922800718135;20.21159784560144;0.2191202872531418;1.5909156193895868;0.13405745062836627;1.2274326750448834;0.1009874326750449;19.60315978456014;0.9970736086175943;0.4192639138240574;4.66786355475763e-06;0.0017364452423698385;24002.513464991025;0.6221903052064632;0.006104129263913824;98.7773788150808;30.247755834829444;11262.450215439856;7114.044057450628;2597.399263913824;3.1827109515260323;79.56861759425495;0.43531418312387793;10.84;16.08181328545781;15.925601436265712;0.012315978456014363;67.98007181328545;0.0;100.0;0.0;0.0;0.0;0.0;11.151220825852782;13.815403949730701;0.01836624775583483;75.01486535008976;0.0;100.0;0.0;0.0;0.0;0.0;56.63456014362657;53.25755834829443;4.590987432675045;4.584847396768403;153092.8151346499;9696.447360861759;3.0;3.0;3.306409335727109;2.788617594254937;1.1878994614003588;1.188420107719928;0.0003590664272890485;16.81394973070018;1.0;0.16635547576301615;0.0;0.001966965888689408;2373.6445242369837;99.79588868940753;0.20407540394973067;0.0;1.7953321364452423e-05;0.0;45.34649910233393;8588.633213644523;3079.629479353681;2597.399263913824;5.577773788150807;139.44569120287252;6.613447037701975;165.3313644524237;;1.0;1.0;3.0;2317295.800718133;2317295.8509874325;643637492.6840216;641320146.1651706;641320146.427289;0.0;0.0;0.0;0.0;199.12208258527826;0.0;110512.75583482944;0.0;0.0;0.0;0.0;22479841.723518852;5057084.272890485;703850.7037701975;43743975.90305206;16324450.563734291;141.4326750448833;1073595.2280071813;20956152.32675045;180103.18850987434;3347381.551166966;14739350.506283663;6.861759425493716;37113.17055655296;218323.41472172353;90.8929263913824;480.1983842010772;321.6295691202872;619.3364811490127;412.52242369838416;1099.5348114901255;105059.85996409335;1512.0573967684022;315.39807899461397;5.599820466786356;307.3720287253142;2.2166068222621185;622.769802513465;7.816535008976659;52809.99640933573;630.5864631956913;1035.2926750448833;1107.3514003590665;2142.644039497307
64B-1024;6809.065063834612;6661.997087606487;636.4006108202443;0.3306457242582897;1.7750087260034906;0.18661431064572423;1.1873821989528794;0.08951134380453753;159.88446771378707;0.9999825479930192;0.35216404886561953;0.0;0.0092673647469459;16482.443280977313;0.05703315881326351;0.03652705061082025;75.7521815008726;43.80628272251309;17267.22055846422;9746.392844677137;2597.324397905759;3.5500000000000003;88.74757417102967;0.6631588132635253;16.62019197207679;0.1699476439790576;1.2689877835951133;0.13256544502617804;1.233280977312391;0.09816753926701571;67.26186736474695;0.9990575916230368;0.4202094240837696;6.457242582897034e-06;0.007605759162303667;23170.191972076787;0.013333333333333332;0.005445026178010471;71.51832460732984;28.862129144851657;8856.970401396158;6992.632635253054;2597.324397905759;2.5390401396160556;63.483193717277494;0.33996509598603836;8.525305410122163;15.834293193717276;15.86759162303665;0.016265270506108202;68.28171029668411;0.0;100.0;0.0;0.0;0.0;0.0;10.939092495636999;13.784223385689353;0.014869109947643979;75.26129144851659;0.0;100.0;0.0;0.0;0.0;0.0;56.35244328097731;52.85413612565445;4.113664921465968;4.118359511343804;10570.388464223386;8513.035898778358;3.000017452006981;3.000017452006981;2.1128097731239093;1.781047120418848;1.1881500872600346;1.1888830715532284;0.000418848167539267;29.69094240837697;1.0;0.06928446771378709;0.0;0.005448342059336824;479.44153577661433;99.80636998254799;0.19363001745200695;0.0;0.0;0.0;46.040139616055846;5487.434589877836;3081.4349214659687;2597.324397905759;3.5617975567190223;89.04242582897032;4.225479930191971;105.63593368237349;;1.0;1.0;3.0;10026333.27399651;10026332.609075043;2837349664.4101224;2827423424.4991274;2827323161.3961606;0.0;0.0;0.0;0.0;2991.1692844677136;0.0;1707957.6614310646;0.0;0.0;0.0;0.0;16436559.95113438;11707799.961605584;722153.7172774869;110498649.21116929;2210971.1832460733;126.58638743455498;975900.5165794067;13783835.895287959;564961.5706806283;3488983.8813263527;57730073.52879581;1.0017452006980803;161207.6544502618;644380.4677137871;14.449197207678882;11.667190226876091;41.54722513089006;25.284031413612567;55.99668411867364;36.95115183246073;52439.88656195463;92.94755671902269;3.5827399650959864;1.9784816753926704;6.906178010471205;5.317923211169284;10.488743455497383;7.296335078534032;52431.815008726;17.78521815008726;66.48568935427575;44.24764397905759;110.73298429319371
64B-256;6921.192103366992;6725.94651398979;1004.0023006993007;0.3406993006993007;1.833583916083916;0.18629370629370626;1.1867132867132866;0.08323426573426575;144.33263986013984;0.9999825174825175;0.41353146853146855;0.0;0.008152447552447551;16970.909090909092;0.07734265734265734;0.051783216783216776;86.42832167832168;44.23951048951049;17754.726346153842;9690.69444055944;2597.343916083916;3.666293706293706;91.65734265734265;0.6822027972027972;17.089125874125877;0.17071678321678319;1.2887412587412588;0.13181818181818183;1.2341258741258743;0.10493006993006994;67.42772727272728;0.9990734265734266;0.4213986013986014;7.867132867132868e-06;0.007516433566433565;23035.804195804194;0.014475524475524474;0.0062062937062937066;71.10664335664336;27.816433566433567;8965.259895104895;6959.527307692307;2597.343916083916;2.579090909090909;64.46912587412587;0.34653846153846146;8.629178321678324;15.740664335664336;15.908129370629371;0.008006993006993007;68.34267482517481;0.0;100.0;0.0;0.0;0.0;0.0;10.87895104895105;13.713776223776225;0.016398601398601397;75.39001748251748;0.0;100.0;0.0;0.0;0.0;0.0;56.59732517482517;53.09882867132867;4.117622377622377;4.07965034965035;8486.506206293707;8096.308951048953;3.0;3.0;2.0114335664335665;1.6959090909090908;1.1873951048951046;1.1887412587412585;0.0005944055944055944;32.450716783216784;1.0;0.08965034965034963;0.0;0.006264335664335664;446.15384615384613;99.79807692307692;0.2019230769230769;0.0;0.0;0.0;46.54545454545455;5224.219930069929;3080.7069755244756;2597.343916083916;3.3916783216783215;84.79256993006994;4.02243006993007;100.56797202797203;;1.0;1.0;3.0;10166209.711538462;10166205.98076923;2865223310.701049;2865223289.173077;2865223291.4370627;0.0;0.0;0.0;0.0;8191.582167832168;0.0;4669201.835664336;0.0;0.0;0.0;0.0;16545885.143356644;11907329.048951048;686349.7552447553;93173571.83566433;2334753.3706293707;147.75874125874125;1098488.583916084;14007407.003496503;573459.6783216783;3508090.7762237764;57696256.74125874;0.9055944055944056;163766.83566433567;655090.1048951049;14.654213286713285;12.04006993006993;62.32669580419579;39.22052447552448;76.98069930069929;51.26089160839162;104902.24475524476;128.24159090909092;7.508059440559442;5.7429195804195805;4.075699300699301;2.378269230769231;11.583828671328671;8.12111888111888;52432.56468531468;19.704825174825178;88.56454545454545;59.38157342657343;147.94624125874125
64B-4096;6878.782214675805;6858.952509237295;537.8703951048951;0.3298951048951049;1.7621678321678318;0.18496503496503494;1.187377622377622;0.07561188811188813;169.43795454545457;1.0;0.3398951048951049;0.0;0.009939860139860139;15947.272727272728;0.02487762237762238;0.016083916083916083;65.18181818181819;42.82167832167832;17037.862534965036;9672.836416083916;2597.319982517483;3.5245629370629374;88.11770979020979;0.6553321678321679;16.399597902097902;0.17045454545454544;1.2859090909090911;0.13155594405594406;1.2341958041958043;0.10454545454545457;66.83325174825174;0.9990559440559441;0.4208216783216783;8.216783216783218e-06;0.007505769230769232;23464.615384615383;0.014125874125874125;0.006713286713286713;72.69755244755245;31.643356643356643;8918.548653846154;6942.15472027972;2597.319982517483;2.5716958041958047;64.28734265734266;0.3408391608391608;8.58437062937063;15.707447552447553;15.866993006993004;0.01188811188811189;68.41323426573427;0.0;100.0;0.0;0.0;0.0;0.0;10.850402097902098;13.748076923076923;0.014562937062937063;75.38653846153846;0.0;100.0;0.0;0.0;0.0;0.0;56.426153846153845;52.45589160839161;4.069877622377623;4.0917482517482515;10649.430472027972;11237.476276223775;3.0;3.0;2.129685314685315;1.7957517482517484;1.187674825174825;1.188863636363636;0.0002972027972027972;30.39699300699301;1.0;0.04991258741258741;0.0;0.005498776223776224;452.3076923076923;99.80482517482518;0.19517482517482515;0.0;0.0;0.0;44.93706293706294;5532.278741258741;3081.4394405594403;2597.319982517483;3.590734265734266;89.76825174825176;4.25986013986014;106.49984265734267;;1.0;1.0;3.0;10189193.905594405;10189010.225524476;2893353904.1293707;2893353884.4038463;2893353885.9143357;0.0;0.0;0.0;0.0;3605.1783216783215;0.0;2054951.6433566434;0.0;0.0;0.0;0.0;16848092.202797204;11857969.625874126;676031.5594405595;118995280.38461539;2272180.909090909;138.16433566433565;955348.2272727273;13921238.61888112;571033.8601398602;3312814.125874126;56948751.020979024;1.1013986013986015;162781.96503496505;650098.7867132868;8.34153846153846;5.7906993006993;17.328129370629373;9.348426573426572;25.6693006993007;15.139055944055945;52435.91958041958;40.80844405594406;4.012972027972028;2.3370804195804196;7.296818181818181;5.6774825174825185;11.309702797202796;8.014737762237763;52433.26398601398;19.32402097902098;36.979038461538465;23.15335664335664;60.132517482517486
64B-512;6877.643259795025;6737.490820554054;815.0958673647469;0.3303839441535777;1.7592670157068062;0.18626527050610817;1.1865794066317623;0.09438045375218151;162.67605584642234;0.9999825479930192;0.3516230366492147;0.0;0.009512565445026178;16964.677137870854;0.057905759162303665;0.03652705061082025;77.49738219895288;43.72949389179756;17140.6152530541;9764.563804537524;2597.3142931937173;3.519040139616056;87.97237347294939;0.6607329842931937;16.498097731239092;0.17006980802792318;1.2745200698080283;0.13291448516579407;1.2333507853403143;0.0954973821989529;67.01219895287957;0.9990924956369983;0.42026178010471205;6.108202443280978e-06;0.007516579406631764;23004.048865619545;0.013228621291448518;0.005235602094240838;70.68411867364748;28.67888307155323;8904.209912739965;7005.226596858639;2597.3142931937173;2.549493891797557;63.7431762652705;0.3400174520069808;8.570715532286211;15.86935427574171;15.947993019197206;0.020279232111692844;68.16204188481674;0.0;100.0;0.0;0.0;0.0;0.0;10.959581151832461;13.768883071553228;0.013944153577661432;75.25703315881326;0.0;100.0;0.0;0.0;0.0;0.0;56.33846422338569;52.90371727748691;4.1131239092495635;4.030453752181501;13949.821815008727;11086.341151832457;3.0;3.0;2.1400000000000006;1.8049389179755673;1.1876614310645721;1.1886387434554972;0.0005759162303664922;30.516439790575912;1.0;0.06958115183246075;0.0;0.005520942408376963;370.6108202443281;99.80778359511343;0.19221640488656194;0.0;0.0;0.0;45.82722513089005;5559.050226876091;3080.712617801047;2597.3142931937173;3.6088132635253043;90.22560209424084;4.280471204188482;107.01521815008726;;1.0;1.0;3.0;10127173.270506108;10127170.905759163;2853174510.7661433;2853174489.9267015;2853174491.9877834;0.0;0.0;0.0;0.0;8364.013961605584;0.0;4775851.972076789;0.0;0.0;0.0;0.0;16603554.516579406;11824699.643979058;784019.4485165795;112394287.32635254;2225534.432809773;135.84642233856894;969701.1064572426;13921720.087260036;571206.352530541;3400503.9790575914;57086589.32984293;0.8307155322862129;162668.46771378707;651502.0209424084;14.671972076788832;11.835794066317627;42.01284467713787;25.54001745200698;56.68479930191972;37.37561954624782;52440.61780104712;94.06062827225132;6.79979057591623;5.271553228621292;3.448097731239092;1.9000349040139621;10.247731239092495;7.171378708551485;52431.48691099476;17.419057591623034;66.9323734729494;44.547155322862125;111.47979057591623
