,,SKT0,SKT0,SKT0,SKT0,SKT0,SKT0,SKT0,SKT0,SKT0,SKT0,SKT0,SKT0,SKT1,SKT1,SKT1,SKT1,SKT1,SKT1,SKT1,SKT1,SKT1,SKT1,SKT1,SKT1,System,System,System
Date,Time,Ch0Read,Ch0Write,Ch1Read,Ch1Write,Ch2Read,Ch2Write,Ch3Read,Ch3Write,Mem Read (MB/s),Mem Write (MB/s),P. Write (T/s),Memory (MB/s),Ch0Read,Ch0Write,Ch1Read,Ch1Write,Ch2Read,Ch2Write,Ch3Read,Ch3Write,Mem Read (MB/s),Mem Write (MB/s),P. Write (T/s),Memory (MB/s),Read,Write,Memory
2024-02-22,23:17:55.927,    8.79,    5.74,   38.12,   21.63,,,,,   46.91,   27.37,    105700,   74.28,   12.23,    8.35,   15.12,   11.67,,,,,   27.35,   20.02,     52466,   47.37,     74.26,     47.40,    121.65
2024-02-22,23:17:56.926,    2.71,    1.14,   17.00,    8.77,,,,,   19.71,    9.92,    104829,   29.63,    2.60,    1.18,    5.80,    4.49,,,,,    8.40,    5.66,     52409,   14.06,     28.11,     15.58,     43.69
2024-02-22,23:17:57.926,    2.34,    0.84,   15.64,    7.81,,,,,   17.98,    8.65,    104812,   26.63,    2.40,    0.85,    5.60,    4.18,,,,,    8.00,    5.04,     52401,   13.03,     25.98,     13.68,     39.66
2024-02-22,23:17:58.927,    2.42,    0.76,   15.78,    7.89,,,,,   18.20,    8.65,    104911,   26.85,    2.16,    0.98,    5.38,    4.30,,,,,    7.54,    5.28,     52455,   12.83,     25.74,     13.93,     39.67
2024-02-22,23:17:59.926,    2.28,    0.53,   15.46,    7.42,,,,,   17.74,    7.94,    104808,   25.68,    1.69,    0.73,    4.91,    4.05,,,,,    6.60,    4.77,     52401,   11.37,     24.34,     12.72,     37.06
2024-02-22,23:18:00.927,    3.21,    0.72,   17.95,    8.61,,,,,   21.16,    9.33,    104913,   30.49,    3.72,    1.99,    6.91,    5.28,,,,,   10.64,    7.27,     52454,   17.91,     31.80,     16.60,     48.40
2024-02-22,23:18:01.926,    2.16,    0.54,   14.76,    7.17,,,,,   16.91,    7.71,    104915,   24.62,    2.06,    0.77,    5.25,    4.08,,,,,    7.31,    4.84,     52453,   12.15,     24.22,     12.55,     36.77
2024-02-22,23:18:02.926,    2.42,    0.50,   15.45,    7.45,,,,,   17.87,    7.95,    104816,   25.82,    1.96,    0.86,    5.16,    4.18,,,,,    7.12,    5.04,     52401,   12.16,     24.99,     12.99,     37.98
2024-02-22,23:18:03.927,    2.78,    0.63,   16.63,    8.01,,,,,   19.41,    8.63,    104917,   28.04,    2.42,    1.21,    5.62,    4.56,,,,,    8.04,    5.77,     52454,   13.82,     27.45,     14.41,     41.86
2024-02-22,23:18:04.926,    2.72,    0.78,   16.79,    8.30,,,,,   19.51,    9.08,    104825,   28.59,    2.64,    1.00,    5.83,    4.32,,,,,    8.46,    5.32,     52404,   13.78,     27.98,     14.40,     42.38
2024-02-22,23:18:05.927,   26.38,   15.09,  107.62,   56.83,,,,,  134.00,   71.92,    105082,  205.92,   21.77,    8.49,   24.75,   11.79,,,,,   46.52,   20.29,     52480,   66.81,    180.52,     92.20,    272.72
2024-02-22,23:18:06.927,    4.41,    2.53,   22.79,   12.56,,,,,   27.19,   15.09,    104828,   42.28,    8.08,    4.26,   11.29,    7.58,,,,,   19.37,   11.84,     52413,   31.21,     46.57,     26.92,     73.49
2024-02-22,23:18:07.926,    2.15,    0.53,   14.79,    7.19,,,,,   16.94,    7.73,    104813,   24.67,    1.89,    0.87,    5.10,    4.19,,,,,    7.00,    5.06,     52405,   12.06,     23.94,     12.79,     36.72
2024-02-22,23:18:08.926,    2.53,    0.62,   16.20,    7.87,,,,,   18.73,    8.49,    104914,   27.22,    2.31,    0.81,    5.52,    4.15,,,,,    7.83,    4.96,     52455,   12.79,     26.56,     13.45,     40.01
2024-02-22,23:18:09.927,    2.18,    0.51,   14.90,    7.20,,,,,   17.08,    7.71,    104923,   24.79,    6.50,    0.75,    9.55,    4.07,,,,,   16.05,    4.82,     52453,   20.87,     33.13,     12.53,     45.66
2024-02-22,23:18:10.926,    2.51,    0.54,   15.41,    7.26,,,,,   17.92,    7.80,    104813,   25.73,   57.91,    1.28,   50.85,    4.60,,,,,  108.76,    5.88,     52406,  114.64,    126.69,     13.68,    140.37
2024-02-22,23:18:11.927,    1.74,    0.42,   13.13,    6.28,,,,,   14.87,    6.70,    104915,   21.57,   58.31,    0.82,   50.58,    4.15,,,,,  108.89,    4.97,     52458,  113.87,    123.76,     11.68,    135.44
2024-02-22,23:18:12.927,    1.74,    0.40,   13.09,    6.26,,,,,   14.83,    6.66,    104811,   21.49,   52.88,    0.60,   46.34,    3.94,,,,,   99.22,    4.55,     52402,  103.76,    114.05,     11.21,    125.25
2024-02-22,23:18:13.927,    1.62,    0.33,   12.55,    5.94,,,,,   14.17,    6.26,    104917,   20.43,   54.43,    0.69,   47.01,    4.02,,,,,  101.45,    4.71,     52455,  106.16,    115.61,     10.98,    126.59
2024-02-22,23:18:14.927,    1.65,    0.44,   12.97,    6.24,,,,,   14.62,    6.68,    104814,   21.30,   50.54,    0.60,   44.48,    3.94,,,,,   95.02,    4.54,     52404,   99.56,    109.64,     11.22,    120.86
2024-02-22,23:18:15.928,   21.88,   13.04,   84.10,   45.73,,,,,  105.98,   58.77,    105039,  164.75,  108.03,    8.11,  104.32,   11.41,,,,,  212.36,   19.52,     52505,  231.88,    318.34,     78.29,    396.63
2024-02-22,23:18:16.927,    3.27,    2.22,   18.71,   10.38,,,,,   21.98,   12.60,    104823,   34.58,  112.03,    4.06,  105.29,    7.38,,,,,  217.32,   11.44,     52432,  228.76,    239.30,     24.04,    263.34
2024-02-22,23:18:17.928,    1.84,    0.57,   13.31,    6.48,,,,,   15.15,    7.06,    104924,   22.21,   75.42,    1.19,   73.96,    4.51,,,,,  149.38,    5.69,     52465,  155.07,    164.53,     12.75,    177.28
2024-02-22,23:18:18.928,    2.33,    0.76,   15.02,    7.38,,,,,   17.35,    8.14,    104827,   25.50,   61.48,    0.95,   62.98,    4.28,,,,,  124.46,    5.23,     52407,  129.69,    141.82,     13.37,    155.19
2024-02-22,23:18:19.928,    1.99,    0.73,   13.92,    6.88,,,,,   15.91,    7.60,    104924,   23.52,   52.51,    0.81,   55.45,    4.14,,,,,  107.96,    4.95,     52462,  112.91,    123.87,     12.55,    136.43
2024-02-22,23:18:20.928,    1.80,    0.48,   13.21,    6.35,,,,,   15.01,    6.83,    104818,   21.84,   48.98,    0.72,   45.24,    4.03,,,,,   94.23,    4.76,     52402,   98.98,    109.24,     11.58,    120.82
2024-02-22,23:18:21.928,    1.72,    0.46,   12.88,    6.19,,,,,   14.60,    6.65,    104913,   21.25,   48.91,    0.72,   45.45,    4.06,,,,,   94.36,    4.78,     52455,   99.14,    108.96,     11.43,    120.39
2024-02-22,23:18:22.928,    1.77,    0.52,   13.09,    6.38,,,,,   14.86,    6.90,    104815,   21.76,   51.24,    0.86,   47.81,    4.18,,,,,   99.05,    5.03,     52405,  104.08,    113.91,     11.93,    125.84
2024-02-22,23:18:23.929,    1.60,    0.36,   12.40,    5.93,,,,,   14.00,    6.28,    104918,   20.29,   53.55,    0.84,   52.31,    4.16,,,,,  105.86,    5.00,     52460,  110.86,    119.87,     11.29,    131.15
2024-02-22,23:18:24.928,    1.71,    0.45,   13.01,    6.27,,,,,   14.73,    6.72,    104819,   21.45,   48.30,    0.69,   47.52,    4.00,,,,,   95.82,    4.69,     52407,  100.51,    110.55,     11.41,    121.96
2024-02-22,23:18:25.929,   22.58,   13.40,   89.00,   47.76,,,,,  111.57,   61.16,    105023,  172.73,   91.53,    7.72,   89.54,   10.98,,,,,  181.07,   18.70,     52492,  199.77,    292.64,     79.85,    372.50
2024-02-22,23:18:26.929,    3.86,    2.88,   20.52,   11.76,,,,,   24.38,   14.64,    104828,   39.02,  139.04,    4.45,  132.61,    7.77,,,,,  271.64,   12.22,     52441,  283.86,    296.03,     26.86,    322.89
2024-02-22,23:18:27.929,    2.30,    0.69,   14.52,    7.05,,,,,   16.82,    7.75,    104924,   24.57,   77.91,    1.56,   87.08,    4.89,,,,,  164.98,    6.44,     52468,  171.43,    181.81,     14.19,    196.00
2024-02-22,23:18:28.929,    1.83,    0.54,   13.38,    6.50,,,,,   15.21,    7.04,    104809,   22.25,   77.69,    1.08,   77.42,    4.40,,,,,  155.11,    5.48,     52408,  160.59,    170.32,     12.52,    182.84
2024-02-22,23:18:29.930,   10.73,   63.87,   45.14,   83.41,,,,,   55.87,  147.27,    104945,  203.14,  101.13,    0.99,   96.49,    4.30,,,,,  197.62,    5.29,     52642,  202.91,    253.48,    152.57,    406.05
2024-02-22,23:18:30.929,   52.54,  565.54,  184.49,  650.75,,,,,  237.03, 1216.29,    104929, 1453.32,  369.83,    0.95,  373.82,    4.28,,,,,  743.65,    5.23,     53954,  748.88,    980.68,   1221.52,   2202.20
2024-02-22,23:18:31.930,   49.11,  565.43,  170.41,  645.35,,,,,  219.53, 1210.78,    105022, 1430.31,  377.03,    0.76,  378.62,    4.10,,,,,  755.65,    4.85,     54149,  760.50,    975.17,   1215.63,   2190.81
2024-02-22,23:18:32.930,   49.01,  565.49,  170.05,  645.38,,,,,  219.07, 1210.87,    104909, 1429.94,  384.02,    0.86,  383.65,    4.18,,,,,  767.66,    5.04,     54170,  772.70,    986.73,   1215.91,   2202.64
2024-02-22,23:18:33.930,   48.03,  565.92,  166.50,  644.52,,,,,  214.53, 1210.44,    105014, 1424.97,  390.87,    0.99,  389.64,    4.31,,,,,  780.51,    5.30,     54196,  785.81,    995.04,   1215.74,   2210.78
2024-02-22,23:18:34.930,   48.19,  565.38,  167.21,  644.14,,,,,  215.40, 1209.52,    104901, 1424.92,  395.54,    0.90,  395.28,    4.22,,,,,  790.82,    5.12,     54267,  795.94,   1006.22,   1214.63,   2220.86
2024-02-22,23:18:35.931,   62.61,  567.30,  216.62,  661.84,,,,,  279.23, 1229.14,    105135, 1508.37,  416.32,    5.72,  415.73,    8.98,,,,,  832.05,   14.70,     54350,  846.74,   1111.28,   1243.83,   2355.11
2024-02-22,23:18:36.931,   95.92,  465.80,  364.50,  609.86,,,,,  460.43, 1075.66,    105321, 1536.09,  507.29,    4.89,  508.00,    8.16,,,,, 1015.30,   13.05,     54758, 1028.34,   1475.72,   1088.71,   2564.43
2024-02-22,23:18:37.930,   75.78,  424.90,  298.44,  548.43,,,,,  374.21,  973.34,    105134, 1347.55,  475.81,    0.85,  479.17,    4.18,,,,,  954.99,    5.03,     54712,  960.01,   1329.20,    978.37,   2307.57
2024-02-22,23:18:38.931,   77.38,  426.42,  304.95,  552.99,,,,,  382.33,  979.41,    105204, 1361.74,  460.09,    0.85,  464.18,    4.20,,,,,  924.27,    5.05,     54676,  929.32,   1306.60,    984.45,   2291.05
2024-02-22,23:18:39.931,   75.57,  425.97,  298.19,  550.51,,,,,  373.76,  976.49,    105087, 1350.25,  456.83,    1.25,  460.09,    4.59,,,,,  916.91,    5.84,     54460,  922.75,   1290.68,    982.32,   2273.00
2024-02-22,23:18:40.931,   77.40,  427.29,  306.08,  554.80,,,,,  383.48,  982.09,    105214, 1365.57,  448.50,    0.84,  450.40,    4.18,,,,,  898.89,    5.01,     54509,  903.91,   1282.38,    987.10,   2269.48
2024-02-22,23:18:41.931,   76.89,  427.21,  304.68,  554.49,,,,,  381.58,  981.70,    105123, 1363.28,  439.00,    0.66,  439.36,    3.98,,,,,  878.36,    4.65,     54275,  883.01,   1259.94,    986.35,   2246.29
2024-02-22,23:18:42.932,   77.31,  427.79,  304.59,  554.87,,,,,  381.90,  982.66,    105203, 1364.56,  432.98,    0.77,  435.59,    4.10,,,,,  868.56,    4.87,     54345,  873.43,   1250.46,    987.52,   2237.99
2024-02-22,23:18:43.932,   75.56,  427.31,  296.50,  551.51,,,,,  372.07,  978.82,    105113, 1350.89,  427.67,    0.73,  429.94,    4.07,,,,,  857.61,    4.80,     54235,  862.41,   1229.67,    983.62,   2213.30
2024-02-22,23:18:44.932,   77.48,  427.79,  302.77,  554.16,,,,,  380.24,  981.95,    105208, 1362.20,  426.51,    0.97,  429.50,    4.29,,,,,  856.01,    5.25,     54435,  861.26,   1236.25,    987.21,   2223.46
2024-02-22,23:18:45.932,   75.92,  426.69,  298.20,  551.34,,,,,  374.11,  978.03,    105084, 1352.15,  429.15,    0.90,  431.22,    4.22,,,,,  860.37,    5.13,     54358,  865.50,   1234.48,    983.16,   2217.65
2024-02-22,23:18:46.933,  109.25,  467.37,  411.66,  628.03,,,,,  520.92, 1095.39,    105512, 1616.31,  538.01,   20.91,  539.37,   24.16,,,,, 1077.38,   45.08,     54921, 1122.46,   1598.30,   1140.47,   2738.77
2024-02-22,23:18:47.932,   88.80,  492.64,  348.74,  634.79,,,,,  437.54, 1127.43,    105179, 1564.96,  486.79,    1.28,  486.77,    4.58,,,,,  973.57,    5.86,     54610,  979.43,   1411.10,   1133.29,   2544.39
2024-02-22,23:18:48.932,   87.57,  488.24,  343.78,  628.77,,,,,  431.35, 1117.02,    105213, 1548.37,  465.03,    1.00,  465.07,    4.33,,,,,  930.11,    5.33,     54561,  935.44,   1361.46,   1122.35,   2483.80
2024-02-22,23:18:49.933,   76.87,  430.08,  303.98,  555.04,,,,,  380.85,  985.12,    105273, 1365.97,  398.40,    0.79,  398.78,    4.11,,,,,  797.18,    4.90,     54174,  802.08,   1178.03,    990.02,   2168.05
2024-02-22,23:18:50.932,    3.52,    1.63,   19.92,   10.57,,,,,   23.44,   12.20,    104822,   35.65,    3.71,    1.17,    6.90,    4.50,,,,,   10.61,    5.67,     52403,   16.28,     34.05,     17.88,     51.92
2024-02-22,23:18:51.933,    2.47,    0.84,   15.94,    7.99,,,,,   18.41,    8.83,    104924,   27.23,    1.87,    0.75,    5.09,    4.09,,,,,    6.96,    4.84,     52460,   11.79,     25.36,     13.66,     39.03
2024-02-22,23:18:52.933,    2.58,    0.90,   16.42,    8.30,,,,,   19.00,    9.20,    104811,   28.20,    2.16,    0.69,    5.38,    4.04,,,,,    7.54,    4.74,     52401,   12.27,     26.54,     13.94,     40.48
2024-02-22,23:18:53.933,    2.41,    0.75,   15.56,    7.75,,,,,   17.97,    8.50,    104913,   26.47,    1.86,    0.81,    5.06,    4.11,,,,,    6.92,    4.92,     52455,   11.84,     24.89,     13.42,     38.31
2024-02-22,23:18:54.934,    3.08,    0.91,   17.92,    8.90,,,,,   21.00,    9.81,    104922,   30.81,    2.39,    0.99,    5.59,    4.31,,,,,    7.98,    5.30,     52454,   13.28,     28.97,     15.11,     44.09
2024-02-22,23:18:55.933,    2.66,    0.80,   16.42,    8.14,,,,,   19.08,    8.93,    104809,   28.01,    2.27,    1.05,    5.47,    4.37,,,,,    7.74,    5.42,     52402,   13.16,     26.82,     14.36,     41.18
2024-02-22,23:18:56.934,   25.58,   14.97,   96.19,   52.51,,,,,  121.77,   67.48,    104937,  189.25,   27.36,   12.81,   29.32,   15.99,,,,,   56.68,   28.80,     52447,   85.48,    178.45,     96.28,    274.73
2024-02-22,23:18:57.934,    2.66,    1.09,   16.77,    8.59,,,,,   19.43,    9.67,    104928,   29.10,    2.67,    1.14,    5.87,    4.46,,,,,    8.53,    5.60,     52454,   14.13,     27.96,     15.27,     43.24
2024-02-22,23:18:58.933,    3.04,    0.96,   18.02,    9.01,,,,,   21.06,    9.97,    104831,   31.03,    2.47,    0.98,    5.66,    4.29,,,,,    8.12,    5.27,     52401,   13.39,     29.18,     15.24,     44.42
2024-02-22,23:18:59.934,    2.24,    0.54,   15.18,    7.33,,,,,   17.43,    7.87,    104921,   25.29,    1.77,    0.79,    4.99,    4.11,,,,,    6.76,    4.90,     52458,   11.66,     24.19,     12.77,     36.95
2024-02-22,23:19:00.934,    2.32,    0.51,   15.42,    7.48,,,,,   17.74,    7.99,    104814,   25.72,    2.00,    0.80,    5.20,    4.10,,,,,    7.20,    4.90,     52401,   12.10,     24.93,     12.89,     37.82
2024-02-22,23:19:01.933,    2.58,    0.64,   16.22,    7.88,,,,,   18.80,    8.52,    104925,   27.32,    2.52,    0.99,    5.73,    4.33,,,,,    8.25,    5.32,     52452,   13.57,     27.06,     13.84,     40.89
2024-02-22,23:19:02.934,    2.46,    0.54,   15.88,    7.70,,,,,   18.34,    8.24,    104922,   26.57,    2.08,    0.87,    5.28,    4.20,,,,,    7.37,    5.08,     52454,   12.45,     25.70,     13.31,     39.02
2024-02-22,23:19:03.934,    2.92,    0.56,   16.84,    7.96,,,,,   19.76,    8.53,    104809,   28.29,    2.85,    1.43,    6.08,    4.75,,,,,    8.93,    6.18,     52401,   15.12,     28.69,     14.71,     43.40
2024-02-22,23:19:04.934,    2.76,    0.61,   16.82,    8.12,,,,,   19.59,    8.72,    104931,   28.31,    2.24,    0.90,    5.45,    4.21,,,,,    7.69,    5.10,     52457,   12.80,     27.28,     13.83,     41.11
2024-02-22,23:19:05.934,    2.22,    0.49,   15.01,    7.22,,,,,   17.22,    7.71,    104821,   24.93,    1.77,    0.76,    4.96,    4.09,,,,,    6.73,    4.85,     52404,   11.58,     23.95,     12.56,     36.51
2024-02-22,23:19:06.935,   31.58,   14.19,  123.46,   61.73,,,,,  155.05,   75.92,    105133,  230.96,   24.15,   12.84,   27.14,   16.17,,,,,   51.29,   29.02,     52493,   80.31,    206.34,    104.93,    311.27
2024-02-22,23:19:07.934,    3.62,    1.82,   19.99,   10.63,,,,,   23.60,   12.45,    104824,   36.05,    5.56,    2.05,    8.78,    5.37,,,,,   14.34,    7.41,     52403,   21.75,     37.95,     19.86,     57.80
2024-02-22,23:19:08.934,    2.82,    1.08,   17.33,    8.84,,,,,   20.15,    9.93,    104806,   30.07,    2.63,    1.10,    5.85,    4.43,,,,,    8.47,    5.52,     52399,   14.00,     28.62,     15.45,     44.07
2024-02-22,23:19:09.934,   11.84,   36.40,   49.42,   58.18,,,,,   61.26,   94.57,    104929,  155.83,   29.79,    1.16,   33.92,    4.47,,,,,   63.71,    5.63,     52493,   69.34,    124.97,    100.20,    225.17
2024-02-22,23:19:10.933,   64.55,  282.42,  234.54,  388.70,,,,,  299.09,  671.12,    104903,  970.21,  241.52,    0.93,  251.61,    4.25,,,,,  493.13,    5.18,     52667,  498.31,    792.22,    676.30,   1468.52
2024-02-22,23:19:11.934,   61.84,  275.32,  225.58,  378.36,,,,,  287.42,  653.68,    105007,  941.11,  244.67,    0.83,  255.38,    4.16,,,,,  500.05,    4.98,     52779,  505.04,    787.48,    658.67,   1446.14
2024-02-22,23:19:12.934,   62.21,  275.61,  226.88,  378.90,,,,,  289.09,  654.51,    104890,  943.60,  253.66,    1.10,  262.81,    4.43,,,,,  516.47,    5.54,     52745,  522.01,    805.56,    660.05,   1465.61
2024-02-22,23:19:13.934,   61.60,  273.96,  223.95,  376.05,,,,,  285.56,  650.02,    104996,  935.57,  263.96,    0.85,  271.43,    4.18,,,,,  535.39,    5.03,     52843,  540.42,    820.94,    655.05,   1475.99
2024-02-22,23:19:14.934,   61.88,  274.23,  225.44,  376.62,,,,,  287.32,  650.85,    104896,  938.17,  261.31,    0.75,  269.72,    4.08,,,,,  531.04,    4.83,     52775,  535.87,    818.36,    655.68,   1474.04
2024-02-22,23:19:15.935,   61.81,  272.87,  224.87,  375.23,,,,,  286.67,  648.10,    104989,  934.77,  264.10,    0.80,  271.97,    4.12,,,,,  536.08,    4.92,     52788,  541.00,    822.75,    653.02,   1475.77
2024-02-22,23:19:16.935,   78.53,  217.68,  291.24,  339.70,,,,,  369.76,  557.38,    105024,  927.14,  309.23,    8.34,  315.49,   11.64,,,,,  624.72,   19.99,     52921,  644.71,    994.49,    577.37,   1571.85
2024-02-22,23:19:17.935,   76.00,  119.23,  288.10,  237.38,,,,,  364.10,  356.60,    105113,  720.70,  401.84,    6.85,  403.75,   10.16,,,,,  805.59,   17.00,     53479,  822.59,   1169.69,    373.61,   1543.30
2024-02-22,23:19:18.935,   52.38,   84.49,  209.13,  176.97,,,,,  261.51,  261.47,    105000,  522.98,  356.41,    1.44,  356.76,    4.78,,,,,  713.18,    6.22,     53165,  719.40,    974.69,    267.69,   1242.37
2024-02-22,23:19:19.935,   50.78,   82.42,  202.73,  172.28,,,,,  253.52,  254.70,    104890,  508.22,  325.15,    0.82,  328.82,    4.15,,,,,  653.98,    4.97,     52988,  658.94,    907.49,    259.67,   1167.16
2024-02-22,23:19:20.936,   51.69,   83.79,  206.07,  174.82,,,,,  257.76,  258.61,    105023,  516.38,  308.72,    0.92,  313.20,    4.24,,,,,  621.92,    5.16,     52969,  627.07,    879.68,    263.77,   1143.45
2024-02-22,23:19:21.936,   50.85,   82.46,  202.19,  172.07,,,,,  253.04,  254.53,    104893,  507.57,  294.06,    0.75,  298.83,    4.08,,,,,  592.88,    4.83,     52894,  597.71,    845.93,    259.36,   1105.29
2024-02-22,23:19:22.935,   51.73,   83.79,  206.67,  175.10,,,,,  258.40,  258.89,    104915,  517.28,  286.89,    0.84,  293.26,    4.17,,,,,  580.15,    5.01,     52802,  585.16,    838.55,    263.90,   1102.45
2024-02-22,23:19:23.935,   50.27,   81.80,  200.68,  170.92,,,,,  250.95,  252.72,    105013,  503.67,  287.93,    1.01,  294.02,    4.33,,,,,  581.95,    5.34,     52883,  587.30,    832.90,    258.07,   1090.97
2024-02-22,23:19:24.935,   51.24,   83.16,  204.06,  173.53,,,,,  255.30,  256.69,    104908,  511.99,  290.42,    0.96,  295.25,    4.29,,,,,  585.67,    5.25,     52867,  590.92,    840.97,    261.93,   1102.91
2024-02-22,23:19:25.935,   50.70,   82.41,  201.54,  171.69,,,,,  252.24,  254.10,    105002,  506.34,  280.36,    0.67,  288.74,    4.00,,,,,  569.11,    4.66,     52875,  573.77,    821.34,    258.76,   1080.10
2024-02-22,23:19:26.935,   47.28,   96.99,  187.10,  178.72,,,,,  234.38,  275.71,    104908,  510.10,  314.41,    4.58,  318.42,    7.91,,,,,  632.83,   12.49,     52973,  645.32,    867.21,    288.21,   1155.42
2024-02-22,23:19:27.936,   79.32,  245.96,  287.31,  361.97,,,,,  366.63,  607.92,    105200,  974.55,  398.90,   13.27,  401.41,   16.56,,,,,  800.31,   29.84,     53392,  830.14,   1166.94,    637.76,   1804.70
2024-02-22,23:19:28.936,   64.86,  312.65,  232.95,  416.27,,,,,  297.80,  728.92,    104910, 1026.72,  363.28,    2.22,  371.79,    5.55,,,,,  735.07,    7.78,     53149,  742.84,   1032.87,    736.69,   1769.56
2024-02-22,23:19:29.937,   60.27,  323.69,  218.05,  421.54,,,,,  278.32,  745.23,    105012, 1023.55,  348.43,    1.00,  357.79,    4.35,,,,,  706.22,    5.35,     53351,  711.57,    984.55,    750.58,   1735.12
2024-02-22,23:19:30.936,   64.04,  505.65,  254.43,  611.71,,,,,  318.46, 1117.36,    105103, 1435.82,  472.83,    0.92,  476.58,    4.26,,,,,  949.41,    5.18,     54695,  954.59,   1267.87,   1122.54,   2390.41
2024-02-22,23:19:31.936,   63.64,  509.45,  253.55,  615.03,,,,,  317.19, 1124.49,    105066, 1441.68,  472.27,    0.78,  473.92,    4.10,,,,,  946.20,    4.88,     54667,  951.08,   1263.39,   1129.37,   2392.76
2024-02-22,23:19:32.937,   64.25,  511.29,  254.16,  617.21,,,,,  318.40, 1128.50,    105213, 1446.90,  474.84,    1.07,  476.23,    4.39,,,,,  951.08,    5.46,     54731,  956.53,   1269.48,   1133.96,   2403.44
2024-02-22,23:19:33.936,   62.59,  512.87,  248.27,  616.71,,,,,  310.85, 1129.58,    105084, 1440.43,  474.70,    0.85,  476.04,    4.19,,,,,  950.74,    5.03,     54714,  955.77,   1261.59,   1134.61,   2396.20
2024-02-22,23:19:34.937,   63.87,  514.73,  253.53,  620.47,,,,,  317.40, 1135.20,    105187, 1452.60,  474.14,    1.05,  475.40,    4.39,,,,,  949.54,    5.43,     54706,  954.97,   1266.94,   1140.63,   2407.57
2024-02-22,23:19:35.937,   65.25,  514.46,  258.84,  621.78,,,,,  324.09, 1136.24,    105132, 1460.33,  476.59,    0.88,  477.44,    4.22,,,,,  954.03,    5.10,     54682,  959.12,   1278.12,   1141.34,   2419.46
2024-02-22,23:19:36.937,   69.59,  564.87,  267.88,  677.45,,,,,  337.47, 1242.32,    105229, 1579.80,  503.15,    5.22,  505.44,    8.51,,,,, 1008.59,   13.73,     54945, 1022.32,   1346.06,   1256.06,   2602.12
2024-02-22,23:19:37.942,   73.14,  619.87,  270.30,  733.13,,,,,  343.44, 1353.00,    105061, 1696.44,  528.46,    5.55,  531.12,    8.85,,,,, 1059.58,   14.40,     54998, 1073.98,   1403.02,   1367.40,   2770.42
2024-02-22,23:19:38.938,   71.80,  621.49,  264.53,  733.13,,,,,  336.32, 1354.61,    105164, 1690.94,  553.43,    7.04,  557.12,   10.29,,,,, 1110.55,   17.33,     55258, 1127.88,   1446.87,   1371.95,   2818.82
2024-02-22,23:19:39.938,   53.07,  623.25,  199.14,  712.85,,,,,  252.21, 1336.10,    104973, 1588.31,  519.31,    1.14,  524.19,    4.48,,,,, 1043.51,    5.62,     55164, 1049.12,   1295.72,   1341.71,   2637.43
2024-02-22,23:19:40.939,   53.66,  624.19,  200.82,  714.38,,,,,  254.49, 1338.56,    105088, 1593.05,  506.71,    1.28,  511.57,    4.61,,,,, 1018.28,    5.89,     55080, 1024.17,   1272.77,   1344.45,   2617.22
2024-02-22,23:19:41.939,   52.61,  622.99,  196.76,  711.73,,,,,  249.37, 1334.71,    104954, 1584.08,  496.09,    0.83,  500.85,    4.15,,,,,  996.94,    4.98,     55099, 1001.92,   1246.30,   1339.70,   2586.00
2024-02-22,23:19:42.939,   54.26,  623.08,  202.48,  713.87,,,,,  256.74, 1336.96,    104981, 1593.70,  492.00,    1.17,  494.76,    4.51,,,,,  986.76,    5.68,     54761,  992.43,   1243.50,   1342.63,   2586.13
2024-02-22,23:19:43.939,   52.58,  623.37,  196.50,  711.80,,,,,  249.08, 1335.17,    105085, 1584.25,  487.65,    0.94,  489.46,    4.26,,,,,  977.11,    5.20,     54769,  982.31,   1226.19,   1340.37,   2566.56
2024-02-22,23:19:44.939,   53.26,  622.58,  199.20,  712.00,,,,,  252.46, 1334.58,    105006, 1587.04,  481.42,    0.92,  484.72,    4.25,,,,,  966.14,    5.17,     54740,  971.31,   1218.60,   1339.75,   2558.35
2024-02-22,23:19:45.940,   52.66,  623.18,  196.97,  711.88,,,,,  249.63, 1335.06,    105073, 1584.69,  479.21,    0.90,  482.34,    4.23,,,,,  961.55,    5.14,     54719,  966.69,   1211.19,   1340.20,   2551.38
2024-02-22,23:19:46.940,   50.84,  590.44,  188.97,  675.06,,,,,  239.82, 1265.50,    104956, 1505.32,  507.40,    5.43,  510.07,    8.75,,,,, 1017.48,   14.18,     54949, 1031.66,   1257.29,   1279.68,   2536.97
2024-02-22,23:19:47.939,   36.39,  537.11,  135.47,  600.07,,,,,  171.85, 1137.17,    104921, 1309.03,  517.76,    1.75,  519.81,    5.08,,,,, 1037.56,    6.83,     55083, 1044.39,   1209.42,   1144.01,   2353.42
2024-02-22,23:19:48.940,   61.73,  573.53,  228.00,  669.07,,,,,  289.73, 1242.60,    105173, 1532.34,  556.79,   13.18,  558.70,   16.39,,,,, 1115.49,   29.57,     55012, 1145.05,   1405.22,   1272.17,   2677.39
2024-02-22,23:19:49.940,   31.77,  593.90,  114.03,  648.63,,,,,  145.80, 1242.53,    104880, 1388.33,  526.89,    1.68,  531.14,    5.00,,,,, 1058.03,    6.68,     54925, 1064.71,   1203.82,   1249.22,   2453.04
2024-02-22,23:19:50.940,   31.42,  593.24,  113.09,  647.65,,,,,  144.52, 1240.88,    104982, 1385.40,  508.95,    0.87,  513.48,    4.18,,,,, 1022.43,    5.05,     54969, 1027.48,   1166.94,   1245.94,   2412.88
2024-02-22,23:19:51.940,   30.85,  591.91,  111.37,  645.61,,,,,  142.22, 1237.52,    104880, 1379.74,  500.13,    0.99,  503.97,    4.32,,,,, 1004.10,    5.31,     54804, 1009.42,   1146.32,   1242.83,   2389.16
2024-02-22,23:19:52.941,   31.38,  592.08,  113.09,  646.63,,,,,  144.46, 1238.71,    104977, 1383.18,  492.71,    0.84,  496.29,    4.17,,,,,  989.00,    5.01,     54831,  994.01,   1133.47,   1243.73,   2377.19
2024-02-22,23:19:53.940,   30.55,  590.88,  109.60,  644.03,,,,,  140.15, 1234.91,    104892, 1375.06,  486.11,    0.86,  489.14,    4.19,,,,,  975.25,    5.05,     54847,  980.30,   1115.40,   1239.96,   2355.36
2024-02-22,23:19:54.941,   30.84,  591.48,  111.04,  645.17,,,,,  141.88, 1236.65,    105010, 1378.53,  480.68,    0.77,  483.98,    4.10,,,,,  964.66,    4.87,     54903,  969.52,   1106.53,   1241.52,   2348.05
2024-02-22,23:19:55.941,   30.28,  590.19,  108.82,  642.93,,,,,  139.09, 1233.13,    104884, 1372.22,  471.26,    0.68,  475.81,    4.02,,,,,  947.07,    4.70,     54695,  951.77,   1086.16,   1237.83,   2323.99
2024-02-22,23:19:56.941,   35.38,  596.27,  126.86,  656.28,,,,,  162.24, 1252.54,    105010, 1414.78,  496.15,    5.47,  499.75,    8.76,,,,,  995.90,   14.23,     54985, 1010.12,   1158.13,   1266.77,   2424.90
2024-02-22,23:19:57.941,   33.25,  600.78,  120.18,  658.37,,,,,  153.43, 1259.15,    104894, 1412.58,  516.04,    1.59,  518.97,    4.93,,,,, 1035.01,    6.51,     55058, 1041.53,   1188.44,   1265.66,   2454.10
2024-02-22,23:19:58.942,   60.71,  600.83,  225.69,  695.58,,,,,  286.39, 1296.41,    105202, 1582.80,  545.68,   14.01,  547.00,   17.20,,,,, 1092.68,   31.21,     54969, 1123.89,   1379.07,   1327.61,   2706.69
2024-02-22,23:19:59.942,   35.21,  611.50,  127.88,  672.03,,,,,  163.09, 1283.53,    104929, 1446.62,  535.09,    2.11,  537.35,    5.42,,,,, 1072.44,    7.53,     55122, 1079.97,   1235.53,   1291.06,   2526.60
2024-02-22,23:20:00.941,   33.16,  609.58,  119.12,  666.48,,,,,  152.28, 1276.06,    104872, 1428.34,  512.45,    1.07,  514.45,    4.40,,,,, 1026.90,    5.47,     55003, 1032.37,   1179.18,   1281.53,   2460.70
2024-02-22,23:20:01.942,   33.02,  609.20,  118.29,  665.84,,,,,  151.31, 1275.04,    105013, 1426.35,  502.63,    1.15,  504.13,    4.50,,,,, 1006.76,    5.65,     54848, 1012.41,   1158.07,   1280.69,   2438.76
2024-02-22,23:20:02.942,   33.06,  608.23,  118.87,  665.05,,,,,  151.94, 1273.28,    104881, 1425.21,  499.47,    1.42,  499.39,    4.74,,,,,  998.86,    6.16,     54875, 1005.02,   1150.80,   1279.44,   2430.23
2024-02-22,23:20:03.943,   32.10,  608.20,  115.14,  663.57,,,,,  147.23, 1271.77,    105003, 1419.00,  496.55,    0.94,  498.84,    4.29,,,,,  995.40,    5.23,     54772, 1000.63,   1142.63,   1277.00,   2419.63
2024-02-22,23:20:04.942,   32.69,  607.58,  117.89,  664.11,,,,,  150.59, 1271.69,    104880, 1422.27,  487.06,    0.85,  489.35,    4.17,,,,,  976.41,    5.03,     54718,  981.44,   1126.99,   1276.71,   2403.71
2024-02-22,23:20:05.943,   32.14,  607.55,  115.76,  663.15,,,,,  147.91, 1270.70,    105007, 1418.61,  480.63,    0.81,  482.36,    4.14,,,,,  962.99,    4.95,     54900,  967.93,   1110.89,   1275.65,   2386.54
2024-02-22,23:20:06.943,   39.92,  589.55,  147.98,  657.49,,,,,  187.89, 1247.04,    104953, 1434.93,  497.03,    4.79,  497.31,    8.11,,,,,  994.35,   12.89,     54661, 1007.24,   1182.24,   1259.93,   2442.18
2024-02-22,23:20:07.943,   47.44,  543.79,  183.44,  625.33,,,,,  230.88, 1169.13,    105105, 1400.01,  520.34,    2.24,  523.11,    5.60,,,,, 1043.45,    7.84,     55092, 1051.29,   1274.33,   1176.97,   2451.30
2024-02-22,23:20:08.943,   59.12,  546.79,  223.10,  641.71,,,,,  282.23, 1188.51,    105091, 1470.73,  539.32,   17.16,  543.17,   20.44,,,,, 1082.50,   37.60,     55053, 1120.10,   1364.72,   1226.11,   2590.83
2024-02-22,23:20:09.943,   56.72,  568.54,  214.18,  661.97,,,,,  270.90, 1230.51,    105036, 1501.41,  536.24,    6.90,  538.67,   10.14,,,,, 1074.90,   17.04,     55012, 1091.94,   1345.80,   1247.55,   2593.35
2024-02-22,23:20:10.943,   76.10,  499.17,  259.89,  615.81,,,,,  335.99, 1114.98,    105054, 1450.98,  363.08,    1.24,  367.69,    4.58,,,,,  730.77,    5.82,     53255,  736.59,   1066.77,   1120.80,   2187.57
2024-02-22,23:20:11.943,   74.40,  469.62,  254.00,  584.73,,,,,  328.40, 1054.35,    104938, 1382.75,  320.94,    0.80,  323.41,    4.12,,,,,  644.35,    4.92,     52982,  649.27,    972.75,   1059.27,   2032.02
2024-02-22,23:20:12.944,   74.86,  452.42,  256.09,  568.72,,,,,  330.95, 1021.14,    105035, 1352.09,  302.47,    0.84,  305.79,    4.16,,,,,  608.26,    5.01,     53043,  613.27,    939.21,   1026.15,   1965.37
2024-02-22,23:20:13.943,   74.06,  439.79,  253.36,  555.28,,,,,  327.41,  995.07,    104919, 1322.48,  293.10,    1.23,  298.52,    4.56,,,,,  591.62,    5.79,     52889,  597.41,    919.04,   1000.85,   1919.89
2024-02-22,23:20:14.944,   75.01,  431.29,  256.91,  547.89,,,,,  331.92,  979.18,    105054, 1311.10,  293.68,    1.18,  302.99,    4.51,,,,,  596.67,    5.69,     52953,  602.36,    928.59,    984.87,   1913.46
2024-02-22,23:20:15.944,   74.09,  422.66,  254.09,  538.44,,,,,  328.17,  961.11,    104968, 1289.28,  288.74,    0.85,  297.73,    4.19,,,,,  586.48,    5.04,     52903,  591.52,    914.65,    966.15,   1880.80
2024-02-22,23:20:16.945,   74.08,  366.93,  260.06,  483.37,,,,,  334.15,  850.30,    105031, 1184.44,  306.76,    4.59,  315.28,    7.91,,,,,  622.04,   12.50,     52966,  634.54,    956.19,    862.80,   1818.99
2024-02-22,23:20:17.944,   55.63,  209.69,  207.20,  302.99,,,,,  262.84,  512.68,    104907,  775.52,  335.06,    1.66,  338.51,    4.98,,,,,  673.57,    6.63,     53046,  680.20,    936.41,    519.31,   1455.72
2024-02-22,23:20:18.945,   54.16,  204.82,  202.92,  296.31,,,,,  257.09,  501.13,    104998,  758.22,  311.93,    0.97,  316.47,    4.30,,,,,  628.40,    5.26,     53023,  633.66,    885.49,    506.39,   1391.88
2024-02-22,23:20:19.945,   70.31,  238.59,  256.14,  348.46,,,,,  326.45,  587.05,    104966,  913.50,  424.18,   22.48,  429.85,   25.67,,,,,  854.03,   48.16,     53487,  902.19,   1180.48,    635.21,   1815.69
2024-02-22,23:20:20.945,   53.95,  212.09,  202.88,  304.00,,,,,  256.83,  516.08,    104905,  772.92,  347.07,    1.12,  358.11,    4.45,,,,,  705.18,    5.57,     53152,  710.76,    962.02,    521.66,   1483.67
2024-02-22,23:20:21.945,   52.99,  209.65,  198.77,  299.79,,,,,  251.76,  509.44,    104997,  761.20,  321.86,    1.06,  330.25,    4.37,,,,,  652.11,    5.43,     52992,  657.54,    903.86,    514.87,   1418.74
2024-02-22,23:20:22.945,   53.14,  209.92,  199.34,  299.98,,,,,  252.48,  509.90,    104889,  762.38,  306.86,    1.08,  314.15,    4.40,,,,,  621.01,    5.48,     52923,  626.50,    873.49,    515.38,   1388.87
2024-02-22,23:20:23.946,   53.20,  209.00,  199.05,  298.96,,,,,  252.25,  507.96,    105001,  760.20,  305.36,    1.57,  308.26,    4.88,,,,,  613.61,    6.45,     52940,  620.07,    865.86,    514.41,   1380.27
2024-02-22,23:20:24.945,   54.33,  211.49,  204.35,  303.50,,,,,  258.68,  514.99,    104899,  773.67,  297.43,    1.48,  302.32,    4.79,,,,,  599.75,    6.26,     52865,  606.01,    858.43,    521.25,   1379.68
2024-02-22,23:20:25.946,   52.25,  207.26,  196.94,  296.67,,,,,  249.19,  503.94,    104976,  753.13,  286.58,    0.78,  296.61,    4.12,,,,,  583.19,    4.91,     52854,  588.10,    832.38,    508.84,   1341.22
2024-02-22,23:20:26.946,   54.85,  184.65,  208.42,  277.75,,,,,  263.27,  462.40,    104917,  725.66,  304.55,    4.52,  311.00,    7.82,,,,,  615.55,   12.35,     52898,  627.90,    878.82,    474.74,   1353.56
2024-02-22,23:20:27.946,   47.97,   85.45,  191.11,  170.63,,,,,  239.08,  256.09,    104902,  495.17,  333.98,    1.65,  339.90,    4.96,,,,,  673.88,    6.61,     53054,  680.49,    912.96,    262.70,   1175.66
2024-02-22,23:20:28.946,   48.20,   86.12,  191.55,  171.36,,,,,  239.75,  257.47,    105000,  497.23,  314.00,    1.07,  321.13,    4.40,,,,,  635.13,    5.47,     53026,  640.60,    874.89,    262.95,   1137.83
2024-02-22,23:20:29.947,   89.78,  224.45,  339.36,  359.16,,,,,  429.14,  583.61,    105277, 1012.76,  403.18,   14.57,  409.40,   17.90,,,,,  812.59,   32.47,     53464,  845.06,   1241.73,    616.08,   1857.81
2024-02-22,23:20:30.947,   75.71,  638.34,  283.31,  759.50,,,,,  359.02, 1397.84,    105039, 1756.86,  530.64,    2.85,  534.21,    6.15,,,,, 1064.85,    9.00,     55131, 1073.85,   1423.87,   1406.84,   2830.71
2024-02-22,23:20:31.947,   72.97,  636.26,  273.51,  753.76,,,,,  346.47, 1390.02,    105061, 1736.50,  514.54,    1.02,  518.04,    4.36,,,,, 1032.57,    5.38,     55018, 1037.95,   1379.05,   1395.40,   2774.45
2024-02-22,23:20:32.947,   73.05,  636.61,  273.92,  754.37,,,,,  346.97, 1390.97,    105164, 1737.94,  502.05,    1.09,  506.29,    4.42,,,,, 1008.34,    5.51,     54780, 1013.86,   1355.31,   1396.48,   2751.80
2024-02-22,23:20:33.947,   71.91,  635.35,  270.83,  751.92,,,,,  342.74, 1387.26,    105066, 1730.01,  493.31,    1.04,  497.13,    4.36,,,,,  990.45,    5.40,     55072,  995.84,   1333.19,   1392.66,   2725.85
2024-02-22,23:20:34.947,   72.40,  635.56,  272.26,  752.73,,,,,  344.65, 1388.29,    105033, 1732.95,  489.20,    1.17,  493.64,    4.48,,,,,  982.84,    5.66,     54878,  988.49,   1327.49,   1393.95,   2721.44
2024-02-22,23:20:35.948,   71.30,  635.25,  268.34,  751.05,,,,,  339.64, 1386.29,    105055, 1725.93,  484.17,    0.91,  489.00,    4.24,,,,,  973.17,    5.15,     54817,  978.32,   1312.81,   1391.44,   2704.26
2024-02-22,23:20:36.948,   71.11,  608.50,  267.62,  723.17,,,,,  338.74, 1331.67,    105146, 1670.41,  501.56,    4.76,  505.34,    8.07,,,,, 1006.90,   12.83,     54958, 1019.73,   1345.64,   1344.50,   2690.14
2024-02-22,23:20:37.947,   47.81,  483.58,  186.27,  565.13,,,,,  234.08, 1048.71,    104967, 1282.79,  519.51,    1.72,  522.51,    5.03,,,,, 1042.03,    6.75,     54851, 1048.78,   1276.11,   1055.46,   2331.57
2024-02-22,23:20:38.948,   46.03,  499.36,  178.42,  578.39,,,,,  224.45, 1077.75,    105074, 1302.20,  513.29,    1.98,  516.19,    5.34,,,,, 1029.47,    7.32,     54928, 1036.79,   1253.93,   1085.07,   2339.00
2024-02-22,23:20:39.961,   61.85,  504.25,  233.84,  601.42,,,,,  295.69, 1105.67,    105185, 1401.35,  527.33,    8.19,  530.84,   11.45,,,,, 1058.16,   19.63,     55254, 1077.80,   1353.85,   1125.30,   2479.15
2024-02-22,23:20:40.951,   62.42,  587.66,  239.10,  688.38,,,,,  301.52, 1276.05,    104959, 1577.57,  550.68,    8.02,  552.73,   11.24,,,,, 1103.41,   19.26,     55038, 1122.67,   1404.93,   1295.31,   2700.24
2024-02-22,23:20:41.950,   50.19,  587.34,  195.57,  672.71,,,,,  245.76, 1260.05,    105099, 1505.81,  522.10,    1.49,  525.10,    4.82,,,,, 1047.19,    6.31,     55066, 1053.51,   1292.95,   1266.37,   2559.32
2024-02-22,23:20:42.950,   50.40,  586.24,  195.81,  671.55,,,,,  246.21, 1257.79,    104974, 1504.00,  510.05,    1.69,  513.33,    5.03,,,,, 1023.38,    6.72,     54957, 1030.10,   1269.59,   1264.51,   2534.10
2024-02-22,23:20:43.951,   50.19,  584.89,  195.07,  670.07,,,,,  245.25, 1254.96,    105094, 1500.21,  504.18,    1.18,  507.93,    4.50,,,,, 1012.11,    5.68,     54942, 1017.79,   1257.36,   1260.64,   2518.00
2024-02-22,23:20:44.950,   50.01,  583.96,  193.47,  668.65,,,,,  243.48, 1252.61,    105010, 1496.09,  500.07,    1.59,  503.43,    4.91,,,,, 1003.50,    6.50,     54930, 1010.00,   1246.98,   1259.11,   2506.09
2024-02-22,23:20:45.951,   49.63,  583.24,  193.46,  667.83,,,,,  243.09, 1251.08,    105092, 1494.17,  494.86,    0.74,  499.16,    4.07,,,,,  994.02,    4.82,     54922,  998.84,   1237.11,   1255.90,   2493.01
2024-02-22,23:20:46.951,   50.39,  583.23,  194.53,  668.17,,,,,  244.92, 1251.40,    105003, 1496.32,  500.33,    5.17,  504.77,    8.50,,,,, 1005.10,   13.67,     54847, 1018.76,   1250.01,   1265.06,   2515.08
2024-02-22,23:20:47.951,   49.23,  582.60,  191.78,  666.72,,,,,  241.02, 1249.32,    105057, 1490.34,  523.41,    2.14,  527.28,    5.49,,,,, 1050.69,    7.63,     55152, 1058.33,   1291.71,   1256.96,   2548.67
2024-02-22,23:20:48.951,   66.29,  586.57,  248.13,  689.94,,,,,  314.42, 1276.51,    105069, 1590.93,  527.71,    4.82,  532.14,    8.28,,,,, 1059.85,   13.10,     54896, 1072.95,   1374.28,   1289.61,   2663.88
2024-02-22,23:20:49.952,   63.10,  581.98,  236.50,  683.17,,,,,  299.60, 1265.16,    105151, 1564.75,  512.22,    2.59,  518.16,    5.93,,,,, 1030.38,    8.51,     54860, 1038.90,   1329.98,   1273.67,   2603.65
2024-02-22,23:20:50.952,   99.76,  509.89,  346.51,  652.47,,,,,  446.27, 1162.37,    105127, 1608.64,  404.33,    8.98,  411.28,   12.27,,,,,  815.61,   21.25,     53403,  836.86,   1261.88,   1183.61,   2445.49
2024-02-22,23:20:51.953,   78.37,  492.57,  266.38,  611.73,,,,,  344.75, 1104.30,    105069, 1449.05,  347.12,    0.91,  350.67,    4.23,,,,,  697.79,    5.14,     53174,  702.93,   1042.54,   1109.44,   2151.98
2024-02-22,23:20:52.952,   77.83,  470.23,  264.88,  588.67,,,,,  342.71, 1058.90,    104932, 1401.60,  324.69,    0.97,  325.76,    4.29,,,,,  650.45,    5.26,     52955,  655.71,    993.15,   1064.16,   2057.31
2024-02-22,23:20:53.953,   77.22,  456.93,  262.84,  574.47,,,,,  340.06, 1031.40,    105013, 1371.46,  312.61,    0.85,  312.75,    4.19,,,,,  625.35,    5.04,     53015,  630.39,    965.41,   1036.44,   2001.85
2024-02-22,23:20:54.953,   77.57,  448.39,  264.26,  566.27,,,,,  341.84, 1014.66,    104980, 1356.50,  299.71,    0.82,  299.69,    4.13,,,,,  599.40,    4.96,     52890,  604.36,    941.24,   1019.62,   1960.85
2024-02-22,23:20:55.954,   76.79,  441.18,  261.51,  558.30,,,,,  338.30,  999.48,    104973, 1337.78,  291.37,    0.69,  294.95,    4.02,,,,,  586.32,    4.71,     52898,  591.03,    924.62,   1004.19,   1928.81
2024-02-22,23:20:56.954,   77.77,  405.76,  268.82,  524.87,,,,,  346.59,  930.63,    104981, 1277.22,  303.03,    5.10,  307.98,    8.43,,,,,  611.01,   13.53,     52941,  624.55,    957.60,    944.16,   1901.76
2024-02-22,23:20:57.954,   50.15,  140.43,  195.25,  228.52,,,,,  245.40,  368.95,    104918,  614.34,  349.49,    2.20,  353.58,    5.51,,,,,  703.07,    7.72,     53066,  710.79,    948.47,    376.66,   1325.13
2024-02-22,23:20:58.954,   48.85,  135.09,  190.90,  220.95,,,,,  239.74,  356.04,    104909,  595.79,  332.09,    1.25,  336.25,    4.57,,,,,  668.34,    5.82,     53046,  674.16,    908.08,    361.87,   1269.95
2024-02-22,23:20:59.955,   47.36,  132.03,  184.40,  214.81,,,,,  231.77,  346.84,    104888,  578.61,  313.16,    0.99,  317.55,    4.34,,,,,  630.71,    5.33,     52945,  636.04,    862.48,    352.17,   1214.65
2024-02-22,23:21:00.954,   70.19,  173.29,  258.78,  281.50,,,,,  328.97,  454.78,    105122,  783.75,  384.98,   19.26,  389.94,   22.63,,,,,  774.92,   41.89,     53281,  816.81,   1103.89,    496.67,   1600.56
2024-02-22,23:21:01.954,   48.34,  147.00,  187.23,  231.47,,,,,  235.57,  378.48,    104894,  614.05,  370.87,    2.01,  382.08,    5.31,,,,,  752.95,    7.32,     53279,  760.27,    988.52,    385.80,   1374.32
2024-02-22,23:21:02.955,   48.24,  146.34,  187.79,  231.15,,,,,  236.03,  377.49,    105008,  613.52,  334.40,    0.98,  337.77,    4.31,,,,,  672.17,    5.30,     53117,  677.46,    908.20,    382.78,   1290.98
2024-02-22,23:21:03.955,   47.01,  142.22,  182.56,  224.69,,,,,  229.57,  366.92,    104888,  596.48,  318.38,    1.42,  317.91,    4.74,,,,,  636.29,    6.16,     52950,  642.46,    865.86,    373.08,   1238.94
2024-02-22,23:21:04.955,   47.69,  144.19,  186.54,  228.65,,,,,  234.23,  372.85,    105003,  607.08,  308.54,    1.02,  310.51,    4.34,,,,,  619.05,    5.35,     53004,  624.40,    853.28,    378.20,   1231.48
2024-02-22,23:21:05.955,   46.56,  141.60,  182.11,  224.02,,,,,  228.68,  365.62,    104903,  594.29,  300.83,    0.89,  301.07,    4.20,,,,,  601.91,    5.09,     52897,  607.00,    830.58,    370.71,   1201.29
